quality_attribute,sentence,keyword,source,author,repo,version,id,matched_word,match_idx,filename,wiki,url,total_similar,target_keywords,target_matched_words,attribute_desc,prompt,true_positive,reasoning
Deployability,"r settings from number of parameters and a vector of values and optionally step values. ;  ; void SetUpdateAfterFit (bool on=true);  Update configuration after a fit using the FitResult. ;  ; void SetWeightCorrection (bool on=true);  apply the weight correction for error matrix computation ;  ; bool UpdateAfterFit () const;  Update configuration after a fit using the FitResult. ;  ; bool UseWeightCorrection () const;  Apply Weight correction for error matrix computation. ;  . Static Public Member Functions; static void SetDefaultMinimizer (const char *type, const char *algo=nullptr);  static function to control default minimizer type and algorithm ;  . Private Attributes; ROOT::Math::MinimizerOptions fMinimizerOpts;  minimizer control parameters including name and algo type ;  ; bool fMinosErrors;  do full error analysis using Minos ;  ; std::vector< unsigned int > fMinosParams;  vector with the parameter indices for running Minos ;  ; bool fNormErrors;  flag for error normalization ;  ; bool fParabErrors;  get correct parabolic errors estimate (call Hesse after minimizing) ;  ; std::vector< ROOT::Fit::ParameterSettings > fSettings;  vector with the parameter settings ;  ; bool fUpdateAfterFit;  update the configuration after a fit using the result ;  ; bool fWeightCorr;  apply correction to errors for weights fits ;  . #include <Fit/FitConfig.h>; Constructor & Destructor Documentation. ◆ FitConfig() [1/2]. ROOT::Fit::FitConfig::FitConfig ; (; unsigned int ; npar = 0). Default constructor. ; Definition at line 40 of file FitConfig.cxx. ◆ FitConfig() [2/2]. ROOT::Fit::FitConfig::FitConfig ; (; const FitConfig & ; rhs). Definition at line 57 of file FitConfig.cxx. ◆ ~FitConfig(). ROOT::Fit::FitConfig::~FitConfig ; (; ). Destructor. ; Definition at line 52 of file FitConfig.cxx. Member Function Documentation. ◆ CreateMinimizer(). ROOT::Math::Minimizer * ROOT::Fit::FitConfig::CreateMinimizer ; (; ). create a new minimizer according to chosen configuration ; Definition at",update,MatchSource.WIKI,root-project,root,v6-32-06,https://root.cern/doc/master/classROOT_1_1Fit_1_1FitConfig.html:4690,update,4690,doc/master/classROOT_1_1Fit_1_1FitConfig.html,https://root.cern,https://root.cern/doc/master/classROOT_1_1Fit_1_1FitConfig.html,2,"['configurat', 'update']","['configuration', 'update']","The capability of software to be deployed into an operational environment with predictable time and effort, including options for rollback if needed. Key aspects include automation, deployment speed, and deployment granularity.","
You are an expert in evaluating and categorizing quality attributes in software engineering. You possess the necessary skills to distinguish sentences that clearly relate to a given quality attribute from those that do not. 

Evaluate whether the content accurately aligns with its associated quality attribute, given the context provided. Your goal is to determine if the content makes sense in relation to the quality attribute description or if it is a false positive.

Data:

Quality Attribute: Deployability
Attribute Description: The capability of software to be deployed into an operational environment with predictable time and effort, including options for rollback if needed. Key aspects include automation, deployment speed, and deployment granularity.
Content: r settings from number of parameters and a vector of values and optionally step values. ;  ; void SetUpdateAfterFit (bool on=true);  Update configuration after a fit using the FitResult. ;  ; void SetWeightCorrection (bool on=true);  apply the weight correction for error matrix computation ;  ; bool UpdateAfterFit () const;  Update configuration after a fit using the FitResult. ;  ; bool UseWeightCorrection () const;  Apply Weight correction for error matrix computation. ;  . Static Public Member Functions; static void SetDefaultMinimizer (const char *type, const char *algo=nullptr);  static function to control default minimizer type and algorithm ;  . Private Attributes; ROOT::Math::MinimizerOptions fMinimizerOpts;  minimizer control parameters including name and algo type ;  ; bool fMinosErrors;  do full error analysis using Minos ;  ; std::vector< unsigned int > fMinosParams;  vector with the parameter indices for running Minos ;  ; bool fNormErrors;  flag for error normalization ;  ; bool fParabErrors;  get correct parabolic errors estimate (call Hesse after minimizing) ;  ; std::vector< ROOT::Fit::ParameterSettings > fSettings;  vector with the parameter settings ;  ; bool fUpdateAfterFit;  update the configuration after a fit using the result ;  ; bool fWeightCorr;  apply correction to errors for weights fits ;  . #include <Fit/FitConfig.h>; Constructor & Destructor Documentation. ◆ FitConfig() [1/2]. ROOT::Fit::FitConfig::FitConfig ; (; unsigned int ; npar = 0). Default constructor. ; Definition at line 40 of file FitConfig.cxx. ◆ FitConfig() [2/2]. ROOT::Fit::FitConfig::FitConfig ; (; const FitConfig & ; rhs). Definition at line 57 of file FitConfig.cxx. ◆ ~FitConfig(). ROOT::Fit::FitConfig::~FitConfig ; (; ). Destructor. ; Definition at line 52 of file FitConfig.cxx. Member Function Documentation. ◆ CreateMinimizer(). ROOT::Math::Minimizer * ROOT::Fit::FitConfig::CreateMinimizer ; (; ). create a new minimizer according to chosen configuration ; Definition at

Instructions: 
1. Analyze the content and the attribute description.
2. Determine if the content accurately reflects the intended quality attribute in this context.
3. If it does, label it as `true_positive: true`; if not, mark it as a `true_positive: false`.
4. If the content consists only of logs with no other text, mark it as a `true_positive: false`. 
4. If the content partially consists of logs, focus on analyzing remaining text. 
5. Add `reasoning` why the content is a true or false positive.
",,[WinError 10054] An existing connection was forcibly closed by the remote host
Deployability,"r string, e.g. ; ""3.14,1,\""text\"""". ; Reimplemented from TObject.; Definition at line 130 of file TObject.cxx. ◆ Execute() [2/3]. void TRInterface::Execute ; (; const TString & ; code). Method to eval R code. ; Parameters. codeR code . Definition at line 99 of file TRInterface.cxx. ◆ Execute() [3/3]. void TObject::Execute ; (; TMethod * ; method, . TObjArray * ; params, . Int_t * ; error = nullptr . ). virtual . Execute method on this object with parameters stored in the TObjArray. ; The TObjArray should contain an argv vector like: argv[0] ... argv[n] = the list of TObjString parameters; TObjStringCollectable string class.Definition TObjString.h:28. Reimplemented from TObject.; Definition at line 131 of file TObject.cxx. ◆ Install(). Bool_t TRInterface::Install ; (; TString ; pkg, . TString ; repos = ""http://cran.r-project.org"" . ). Method to install an R's package. ; Parameters. pkgR's pkg name ; reposurl for R's package repository . Returnstrue or false if the package was installed or not ; Definition at line 207 of file TRInterface.cxx. ◆ Instance(). TRInterface & TRInterface::Instance ; (; ). static . static method to get an TRInterface instance reference ; ReturnsTRInterface instance reference ; Definition at line 187 of file TRInterface.cxx. ◆ InstancePtr(). TRInterface * TRInterface::InstancePtr ; (; ). static . static method to get an TRInterface instance pointer ; ReturnsTRInterface instance pointer ; Definition at line 175 of file TRInterface.cxx. ◆ Interactive(). void TRInterface::Interactive ; (; ). Method to get a R prompt to work interactively with tab completion support. ; Definition at line 161 of file TRInterface.cxx. ◆ IsA(). virtual TClass * ROOT::R::TRInterface::IsA ; (; ); const. inlinevirtual . ReturnsTClass describing current object ; Reimplemented from TObject.; Definition at line 320 of file TRInterface.h. ◆ IsInstalled(). Bool_t TRInterface::IsInstalled ; (; TString ; pkg). Method to verify if a package is installed. ; Parameters. pkgR's pk",install,MatchSource.WIKI,root-project,root,v6-32-06,https://root.cern/doc/master/classROOT_1_1R_1_1TRInterface.html:22319,installed,22319,doc/master/classROOT_1_1R_1_1TRInterface.html,https://root.cern,https://root.cern/doc/master/classROOT_1_1R_1_1TRInterface.html,1,['install'],['installed'],"The capability of software to be deployed into an operational environment with predictable time and effort, including options for rollback if needed. Key aspects include automation, deployment speed, and deployment granularity.","
You are an expert in evaluating and categorizing quality attributes in software engineering. You possess the necessary skills to distinguish sentences that clearly relate to a given quality attribute from those that do not. 

Evaluate whether the content accurately aligns with its associated quality attribute, given the context provided. Your goal is to determine if the content makes sense in relation to the quality attribute description or if it is a false positive.

Data:

Quality Attribute: Deployability
Attribute Description: The capability of software to be deployed into an operational environment with predictable time and effort, including options for rollback if needed. Key aspects include automation, deployment speed, and deployment granularity.
Content: r string, e.g. ; ""3.14,1,\""text\"""". ; Reimplemented from TObject.; Definition at line 130 of file TObject.cxx. ◆ Execute() [2/3]. void TRInterface::Execute ; (; const TString & ; code). Method to eval R code. ; Parameters. codeR code . Definition at line 99 of file TRInterface.cxx. ◆ Execute() [3/3]. void TObject::Execute ; (; TMethod * ; method, . TObjArray * ; params, . Int_t * ; error = nullptr . ). virtual . Execute method on this object with parameters stored in the TObjArray. ; The TObjArray should contain an argv vector like: argv[0] ... argv[n] = the list of TObjString parameters; TObjStringCollectable string class.Definition TObjString.h:28. Reimplemented from TObject.; Definition at line 131 of file TObject.cxx. ◆ Install(). Bool_t TRInterface::Install ; (; TString ; pkg, . TString ; repos = ""http://cran.r-project.org"" . ). Method to install an R's package. ; Parameters. pkgR's pkg name ; reposurl for R's package repository . Returnstrue or false if the package was installed or not ; Definition at line 207 of file TRInterface.cxx. ◆ Instance(). TRInterface & TRInterface::Instance ; (; ). static . static method to get an TRInterface instance reference ; ReturnsTRInterface instance reference ; Definition at line 187 of file TRInterface.cxx. ◆ InstancePtr(). TRInterface * TRInterface::InstancePtr ; (; ). static . static method to get an TRInterface instance pointer ; ReturnsTRInterface instance pointer ; Definition at line 175 of file TRInterface.cxx. ◆ Interactive(). void TRInterface::Interactive ; (; ). Method to get a R prompt to work interactively with tab completion support. ; Definition at line 161 of file TRInterface.cxx. ◆ IsA(). virtual TClass * ROOT::R::TRInterface::IsA ; (; ); const. inlinevirtual . ReturnsTClass describing current object ; Reimplemented from TObject.; Definition at line 320 of file TRInterface.h. ◆ IsInstalled(). Bool_t TRInterface::IsInstalled ; (; TString ; pkg). Method to verify if a package is installed. ; Parameters. pkgR's pk

Instructions: 
1. Analyze the content and the attribute description.
2. Determine if the content accurately reflects the intended quality attribute in this context.
3. If it does, label it as `true_positive: true`; if not, mark it as a `true_positive: false`.
4. If the content consists only of logs with no other text, mark it as a `true_positive: false`. 
4. If the content partially consists of logs, focus on analyzing remaining text. 
5. Add `reasoning` why the content is a true or false positive.
",,[WinError 10054] An existing connection was forcibly closed by the remote host
Deployability,"r testing; : Compute initial loss on the validation data ; : Training phase 1 of 1: Optimizer ADAM (beta1=0.9,beta2=0.999,eps=1e-07) Learning rate = 0.01 regularization 0 minimum error = 0.699892; : --------------------------------------------------------------; : Epoch | Train Err. Val. Err. t(s)/epoch t(s)/Loss nEvents/s Conv. Steps; : --------------------------------------------------------------; : Start epoch iteration ...; : 1 Minimum Test error found - save the configuration ; : 1 | 0.548477 0.466013 0.191275 0.014698 9061.23 0; : 2 Minimum Test error found - save the configuration ; : 2 | 0.431501 0.379356 0.191981 0.0145985 9020.06 0; : 3 | 0.40241 0.379482 0.19151 0.014162 9021.8 1; : 4 Minimum Test error found - save the configuration ; : 4 | 0.408996 0.379041 0.192713 0.0146534 8985.76 0; : 5 | 0.41143 0.414316 0.191728 0.014237 9014.55 1; : 6 | 0.385066 0.478603 0.19226 0.0142608 8988.82 2; : 7 | 0.404168 0.388159 0.192259 0.0142353 8987.58 3; : 8 Minimum Test error found - save the configuration ; : 8 | 0.394387 0.377539 0.19273 0.0147168 8988.1 0; : 9 Minimum Test error found - save the configuration ; : 9 | 0.386834 0.375541 0.192946 0.014741 8978.44 0; : 10 | 0.381359 0.385778 0.195351 0.0142527 8835 1; : 11 | 0.391916 0.415129 0.193961 0.0143386 8907.56 2; : 12 | 0.390755 0.379468 0.194376 0.0145555 8897.75 3; : 13 | 0.409355 0.396515 0.195082 0.0144231 8856.49 4; : 14 | 0.400917 0.375809 0.194321 0.0142902 8887.36 5; : 15 | 0.384495 0.401588 0.194138 0.0144019 8901.96 6; : 16 | 0.400658 0.401489 0.198047 0.014311 8708.13 7; : 17 Minimum Test error found - save the configuration ; : 17 | 0.386851 0.371455 0.194859 0.0148291 8887.42 0; : 18 | 0.389253 0.376491 0.196282 0.0143574 8794.87 1; : 19 | 0.378227 0.384958 0.199317 0.0143422 8649.85 2; : 20 | 0.387911 0.390858 0.193697 0.0144047 8923.97 3; : 21 | 0.391998 0.3743 0.194318 0.0146357 8904.63 4; : 22 | 0.396695 0.384671 0.194406 0.0145452 8895.77 5; : 23 | 0.38744 0.376683 0.195092 0.0143629 885",configurat,MatchSource.WIKI,root-project,root,v6-32-06,https://root.cern/doc/master/TMVAClassification_8C.html:47957,configuration,47957,doc/master/TMVAClassification_8C.html,https://root.cern,https://root.cern/doc/master/TMVAClassification_8C.html,1,['configurat'],['configuration'],"The capability of software to be deployed into an operational environment with predictable time and effort, including options for rollback if needed. Key aspects include automation, deployment speed, and deployment granularity.","
You are an expert in evaluating and categorizing quality attributes in software engineering. You possess the necessary skills to distinguish sentences that clearly relate to a given quality attribute from those that do not. 

Evaluate whether the content accurately aligns with its associated quality attribute, given the context provided. Your goal is to determine if the content makes sense in relation to the quality attribute description or if it is a false positive.

Data:

Quality Attribute: Deployability
Attribute Description: The capability of software to be deployed into an operational environment with predictable time and effort, including options for rollback if needed. Key aspects include automation, deployment speed, and deployment granularity.
Content: r testing; : Compute initial loss on the validation data ; : Training phase 1 of 1: Optimizer ADAM (beta1=0.9,beta2=0.999,eps=1e-07) Learning rate = 0.01 regularization 0 minimum error = 0.699892; : --------------------------------------------------------------; : Epoch | Train Err. Val. Err. t(s)/epoch t(s)/Loss nEvents/s Conv. Steps; : --------------------------------------------------------------; : Start epoch iteration ...; : 1 Minimum Test error found - save the configuration ; : 1 | 0.548477 0.466013 0.191275 0.014698 9061.23 0; : 2 Minimum Test error found - save the configuration ; : 2 | 0.431501 0.379356 0.191981 0.0145985 9020.06 0; : 3 | 0.40241 0.379482 0.19151 0.014162 9021.8 1; : 4 Minimum Test error found - save the configuration ; : 4 | 0.408996 0.379041 0.192713 0.0146534 8985.76 0; : 5 | 0.41143 0.414316 0.191728 0.014237 9014.55 1; : 6 | 0.385066 0.478603 0.19226 0.0142608 8988.82 2; : 7 | 0.404168 0.388159 0.192259 0.0142353 8987.58 3; : 8 Minimum Test error found - save the configuration ; : 8 | 0.394387 0.377539 0.19273 0.0147168 8988.1 0; : 9 Minimum Test error found - save the configuration ; : 9 | 0.386834 0.375541 0.192946 0.014741 8978.44 0; : 10 | 0.381359 0.385778 0.195351 0.0142527 8835 1; : 11 | 0.391916 0.415129 0.193961 0.0143386 8907.56 2; : 12 | 0.390755 0.379468 0.194376 0.0145555 8897.75 3; : 13 | 0.409355 0.396515 0.195082 0.0144231 8856.49 4; : 14 | 0.400917 0.375809 0.194321 0.0142902 8887.36 5; : 15 | 0.384495 0.401588 0.194138 0.0144019 8901.96 6; : 16 | 0.400658 0.401489 0.198047 0.014311 8708.13 7; : 17 Minimum Test error found - save the configuration ; : 17 | 0.386851 0.371455 0.194859 0.0148291 8887.42 0; : 18 | 0.389253 0.376491 0.196282 0.0143574 8794.87 1; : 19 | 0.378227 0.384958 0.199317 0.0143422 8649.85 2; : 20 | 0.387911 0.390858 0.193697 0.0144047 8923.97 3; : 21 | 0.391998 0.3743 0.194318 0.0146357 8904.63 4; : 22 | 0.396695 0.384671 0.194406 0.0145452 8895.77 5; : 23 | 0.38744 0.376683 0.195092 0.0143629 885

Instructions: 
1. Analyze the content and the attribute description.
2. Determine if the content accurately reflects the intended quality attribute in this context.
3. If it does, label it as `true_positive: true`; if not, mark it as a `true_positive: false`.
4. If the content consists only of logs with no other text, mark it as a `true_positive: false`. 
4. If the content partially consists of logs, focus on analyzing remaining text. 
5. Add `reasoning` why the content is a true or false positive.
",,[WinError 10054] An existing connection was forcibly closed by the remote host
Deployability,"r the path and; the level. void InitFromNavigator(TGeoNavigator* nav); Init the branch array from current navigator state. void GetPath(TString& path) const; Fill path pointed by the array. void Print(Option_t* option = """") const; Print branch information. void Sort(Int_t n, TGeoBranchArray** array, Int_t* index, Bool_t down = kTRUE); Sorting of an array of branch array pointers. void UpdateNavigator(TGeoNavigator* nav) const; Update the navigator to reflect the branch.; nav->CdTop();. TGeoBranchArray(Int_t level). size_t SizeOf(size_t maxlevel); Equivalent of sizeof function. { return (sizeof(TGeoBranchArray)+sizeof(TGeoBranchArray*)*(maxlevel)); }. size_t SizeOfInstance(size_t maxlevel); Equivalent of sizeof function. { return (sizeof(TGeoBranchArray)+sizeof(TGeoBranchArray*)*(maxlevel)); }. size_t SizeOf() const; { return (sizeof(TGeoBranchArray)+sizeof(TGeoBranchArray*)*(fMaxLevel)); }. void * DataStart() const; The data start should point to the address of the first data member,; after the virtual table. {return (void*)&fLevel;}. size_t DataSize() const; The actual size of the data for an instance, excluding the virtual table. {return SizeOf()-size_t(&fLevel)+(size_t)this;}. virtual ~TGeoBranchArray(); Destructor. Release instance to be called instead. {}. TGeoNode ** GetArray() const; {return fArray;}. size_t GetLevel() const; {return fLevel;}. size_t GetMaxLevel() const; {return fMaxLevel;}. * GetMatrix() const; {return &fMatrix;}. TGeoNode * GetNode(Int_t level) const; {return fArray[level];}. TGeoNode * GetCurrentNode() const; {return fArray[fLevel];}. Bool_t IsSortable() const; {return kTRUE;}. Bool_t IsOutside() const; {return (fLevel<0)?kTRUE:kFALSE;}. » Author: Andrei Gheata 01/03/11 » Copyright (C) 1995-2000, Rene Brun and Fons Rademakers. *; » Last changed: :$Id$ » Last generated: 2015-06-02 16:00; This page has been automatically generated. For comments or suggestions regarding the documentation or ROOT in general please send a mail to ROOT support. ",Release,MatchSource.WIKI,root-project,root,v6-32-06,https://root.cern/root/html604/TGeoBranchArray.html:11330,Release,11330,root/html604/TGeoBranchArray.html,https://root.cern,https://root.cern/root/html604/TGeoBranchArray.html,1,['Release'],['Release'],"The capability of software to be deployed into an operational environment with predictable time and effort, including options for rollback if needed. Key aspects include automation, deployment speed, and deployment granularity.","
You are an expert in evaluating and categorizing quality attributes in software engineering. You possess the necessary skills to distinguish sentences that clearly relate to a given quality attribute from those that do not. 

Evaluate whether the content accurately aligns with its associated quality attribute, given the context provided. Your goal is to determine if the content makes sense in relation to the quality attribute description or if it is a false positive.

Data:

Quality Attribute: Deployability
Attribute Description: The capability of software to be deployed into an operational environment with predictable time and effort, including options for rollback if needed. Key aspects include automation, deployment speed, and deployment granularity.
Content: r the path and; the level. void InitFromNavigator(TGeoNavigator* nav); Init the branch array from current navigator state. void GetPath(TString& path) const; Fill path pointed by the array. void Print(Option_t* option = """") const; Print branch information. void Sort(Int_t n, TGeoBranchArray** array, Int_t* index, Bool_t down = kTRUE); Sorting of an array of branch array pointers. void UpdateNavigator(TGeoNavigator* nav) const; Update the navigator to reflect the branch.; nav->CdTop();. TGeoBranchArray(Int_t level). size_t SizeOf(size_t maxlevel); Equivalent of sizeof function. { return (sizeof(TGeoBranchArray)+sizeof(TGeoBranchArray*)*(maxlevel)); }. size_t SizeOfInstance(size_t maxlevel); Equivalent of sizeof function. { return (sizeof(TGeoBranchArray)+sizeof(TGeoBranchArray*)*(maxlevel)); }. size_t SizeOf() const; { return (sizeof(TGeoBranchArray)+sizeof(TGeoBranchArray*)*(fMaxLevel)); }. void * DataStart() const; The data start should point to the address of the first data member,; after the virtual table. {return (void*)&fLevel;}. size_t DataSize() const; The actual size of the data for an instance, excluding the virtual table. {return SizeOf()-size_t(&fLevel)+(size_t)this;}. virtual ~TGeoBranchArray(); Destructor. Release instance to be called instead. {}. TGeoNode ** GetArray() const; {return fArray;}. size_t GetLevel() const; {return fLevel;}. size_t GetMaxLevel() const; {return fMaxLevel;}. * GetMatrix() const; {return &fMatrix;}. TGeoNode * GetNode(Int_t level) const; {return fArray[level];}. TGeoNode * GetCurrentNode() const; {return fArray[fLevel];}. Bool_t IsSortable() const; {return kTRUE;}. Bool_t IsOutside() const; {return (fLevel<0)?kTRUE:kFALSE;}. » Author: Andrei Gheata 01/03/11 » Copyright (C) 1995-2000, Rene Brun and Fons Rademakers. *; » Last changed: :$Id$ » Last generated: 2015-06-02 16:00; This page has been automatically generated. For comments or suggestions regarding the documentation or ROOT in general please send a mail to ROOT support. 

Instructions: 
1. Analyze the content and the attribute description.
2. Determine if the content accurately reflects the intended quality attribute in this context.
3. If it does, label it as `true_positive: true`; if not, mark it as a `true_positive: false`.
4. If the content consists only of logs with no other text, mark it as a `true_positive: false`. 
4. If the content partially consists of logs, focus on analyzing remaining text. 
5. Add `reasoning` why the content is a true or false positive.
",,[WinError 10054] An existing connection was forcibly closed by the remote host
Deployability,"r the regression tree; ; TTree *regTree = (TTree*)input->Get(""TreeR"");; ; // global event weights per tree (see below for setting event-wise weights); Double_t regWeight = 1.0;; ; // You can add an arbitrary number of regression trees; dataloader->AddRegressionTree( regTree, regWeight );; ; // This would set individual event weights (the variables defined in the; // expression need to exist in the original TTree); dataloader->SetWeightExpression( ""var1"", ""Regression"" );; ; // Apply additional cuts on the signal and background samples (can be different); TCut mycut = """"; // for example: TCut mycut = ""abs(var1)<0.5 && abs(var2-0.5)<1"";; ; // tell the DataLoader to use all remaining events in the trees after training for testing:; dataloader->PrepareTrainingAndTestTree( mycut,; ""nTrain_Regression=1000:nTest_Regression=0:SplitMode=Random:NormMode=NumEvents:!V"" );; //; // dataloader->PrepareTrainingAndTestTree( mycut,; // ""nTrain_Regression=0:nTest_Regression=0:SplitMode=Random:NormMode=NumEvents:!V"" );; ; // If no numbers of events are given, half of the events in the tree are used; // for training, and the other half for testing:; //; // dataloader->PrepareTrainingAndTestTree( mycut, ""SplitMode=random:!V"" );; ; // Book MVA methods; //; // Please lookup the various method configuration options in the corresponding cxx files, eg:; // src/MethoCuts.cxx, etc, or here: http://tmva.sourceforge.net/old_site/optionRef.html; // it is possible to preset ranges in the option string in which the cut optimisation should be done:; // ""...:CutRangeMin[2]=-1:CutRangeMax[2]=1""..."", where [2] is the third input variable; ; // PDE - RS method; if (Use[""PDERS""]); factory->BookMethod( dataloader, TMVA::Types::kPDERS, ""PDERS"",; ""!H:!V:NormTree=T:VolumeRangeMode=Adaptive:KernelEstimator=Gauss:GaussSigma=0.3:NEventsMin=40:NEventsMax=60:VarTransform=None"" );; // And the options strings for the MinMax and RMS methods, respectively:; //; // ""!H:!V:VolumeRangeMode=MinMax:DeltaFrac=0.2:KernelEstim",configurat,MatchSource.WIKI,root-project,root,v6-32-06,https://root.cern/doc/master/TMVARegression_8C.html:141211,configuration,141211,doc/master/TMVARegression_8C.html,https://root.cern,https://root.cern/doc/master/TMVARegression_8C.html,1,['configurat'],['configuration'],"The capability of software to be deployed into an operational environment with predictable time and effort, including options for rollback if needed. Key aspects include automation, deployment speed, and deployment granularity.","
You are an expert in evaluating and categorizing quality attributes in software engineering. You possess the necessary skills to distinguish sentences that clearly relate to a given quality attribute from those that do not. 

Evaluate whether the content accurately aligns with its associated quality attribute, given the context provided. Your goal is to determine if the content makes sense in relation to the quality attribute description or if it is a false positive.

Data:

Quality Attribute: Deployability
Attribute Description: The capability of software to be deployed into an operational environment with predictable time and effort, including options for rollback if needed. Key aspects include automation, deployment speed, and deployment granularity.
Content: r the regression tree; ; TTree *regTree = (TTree*)input->Get(""TreeR"");; ; // global event weights per tree (see below for setting event-wise weights); Double_t regWeight = 1.0;; ; // You can add an arbitrary number of regression trees; dataloader->AddRegressionTree( regTree, regWeight );; ; // This would set individual event weights (the variables defined in the; // expression need to exist in the original TTree); dataloader->SetWeightExpression( ""var1"", ""Regression"" );; ; // Apply additional cuts on the signal and background samples (can be different); TCut mycut = """"; // for example: TCut mycut = ""abs(var1)<0.5 && abs(var2-0.5)<1"";; ; // tell the DataLoader to use all remaining events in the trees after training for testing:; dataloader->PrepareTrainingAndTestTree( mycut,; ""nTrain_Regression=1000:nTest_Regression=0:SplitMode=Random:NormMode=NumEvents:!V"" );; //; // dataloader->PrepareTrainingAndTestTree( mycut,; // ""nTrain_Regression=0:nTest_Regression=0:SplitMode=Random:NormMode=NumEvents:!V"" );; ; // If no numbers of events are given, half of the events in the tree are used; // for training, and the other half for testing:; //; // dataloader->PrepareTrainingAndTestTree( mycut, ""SplitMode=random:!V"" );; ; // Book MVA methods; //; // Please lookup the various method configuration options in the corresponding cxx files, eg:; // src/MethoCuts.cxx, etc, or here: http://tmva.sourceforge.net/old_site/optionRef.html; // it is possible to preset ranges in the option string in which the cut optimisation should be done:; // ""...:CutRangeMin[2]=-1:CutRangeMax[2]=1""..."", where [2] is the third input variable; ; // PDE - RS method; if (Use[""PDERS""]); factory->BookMethod( dataloader, TMVA::Types::kPDERS, ""PDERS"",; ""!H:!V:NormTree=T:VolumeRangeMode=Adaptive:KernelEstimator=Gauss:GaussSigma=0.3:NEventsMin=40:NEventsMax=60:VarTransform=None"" );; // And the options strings for the MinMax and RMS methods, respectively:; //; // ""!H:!V:VolumeRangeMode=MinMax:DeltaFrac=0.2:KernelEstim

Instructions: 
1. Analyze the content and the attribute description.
2. Determine if the content accurately reflects the intended quality attribute in this context.
3. If it does, label it as `true_positive: true`; if not, mark it as a `true_positive: false`.
4. If the content consists only of logs with no other text, mark it as a `true_positive: false`. 
4. If the content partially consists of logs, focus on analyzing remaining text. 
5. Add `reasoning` why the content is a true or false positive.
",,[WinError 10054] An existing connection was forcibly closed by the remote host
Deployability,"r this node; static Int_tRooPrintable::_nameLength; TNamed*RooAbsArg::_namePtr! Do not persist. Pointer to global instance of string that matches object named; static RooRealVarSharedProperties_nullPropNull property; RooAbsArg::OperModeRooAbsArg::_operModeDirty state propagation mode; RooArgSet*RooAbsArg::_ownedComponents! Set of owned component; Int_tRooAbsReal::_plotBinsNumber of plot bins; Double_tRooAbsReal::_plotMaxMaximum of plot range; Double_tRooAbsReal::_plotMinMinimum of plot range; static Bool_t_printScientific; static Int_t_printSigDigits; Bool_tRooAbsArg::_prohibitServerRedirect! Prohibit server redirects -- Debugging tool; RooRefArrayRooAbsArg::_proxyListlist of proxies; Char_tRooAbsReal::_sbyteValue! Transient cache for signed byte values from tree branches ; Bool_tRooAbsReal::_selectComp! Component selection flag for RooAbsPdf::plotCompOn; RooRefCountListRooAbsArg::_serverListlist of server objects; Bool_tRooAbsArg::_shapeDirtyFlag set if value needs recalculating because input shapes modified; RooRealVarSharedProperties*_sharedProp! Shared properties associated with this instance; static RooSharedPropertiesList_sharedPropListList of properties shared among clone sets ; RooNumIntConfig*RooAbsReal::_specIntegratorConfigNumeric integrator configuration specific for this object; map<std::string,std::string>RooAbsArg::_stringAttribString attributes; Bool_tRooAbsReal::_treeVar!do not persist; UInt_tRooAbsReal::_uintValue! Transient cache for unsigned integer values from tree branches ; TStringRooAbsReal::_unitUnit for objects value; Double_tRooAbsReal::_valueCache for current value of object; Bool_tRooAbsArg::_valueDirtyFlag set if value needs recalculating because input values modified; static Bool_tRooAbsArg::_verboseDirtyStatic flag controlling verbose messaging for dirty state changes; TStringTNamed::fNameobject identifier; TStringTNamed::fTitleobject title. Class Charts. Inheritance; Inherited Members; Includes; Libraries. Function documentation; Roo",integrat,MatchSource.WIKI,root-project,root,v6-32-06,https://root.cern/root/html534/RooRealVar.html:41303,integrator,41303,root/html534/RooRealVar.html,https://root.cern,https://root.cern/root/html534/RooRealVar.html,4,"['configurat', 'integrat']","['configuration', 'integrator']","The capability of software to be deployed into an operational environment with predictable time and effort, including options for rollback if needed. Key aspects include automation, deployment speed, and deployment granularity.","
You are an expert in evaluating and categorizing quality attributes in software engineering. You possess the necessary skills to distinguish sentences that clearly relate to a given quality attribute from those that do not. 

Evaluate whether the content accurately aligns with its associated quality attribute, given the context provided. Your goal is to determine if the content makes sense in relation to the quality attribute description or if it is a false positive.

Data:

Quality Attribute: Deployability
Attribute Description: The capability of software to be deployed into an operational environment with predictable time and effort, including options for rollback if needed. Key aspects include automation, deployment speed, and deployment granularity.
Content: r this node; static Int_tRooPrintable::_nameLength; TNamed*RooAbsArg::_namePtr! Do not persist. Pointer to global instance of string that matches object named; static RooRealVarSharedProperties_nullPropNull property; RooAbsArg::OperModeRooAbsArg::_operModeDirty state propagation mode; RooArgSet*RooAbsArg::_ownedComponents! Set of owned component; Int_tRooAbsReal::_plotBinsNumber of plot bins; Double_tRooAbsReal::_plotMaxMaximum of plot range; Double_tRooAbsReal::_plotMinMinimum of plot range; static Bool_t_printScientific; static Int_t_printSigDigits; Bool_tRooAbsArg::_prohibitServerRedirect! Prohibit server redirects -- Debugging tool; RooRefArrayRooAbsArg::_proxyListlist of proxies; Char_tRooAbsReal::_sbyteValue! Transient cache for signed byte values from tree branches ; Bool_tRooAbsReal::_selectComp! Component selection flag for RooAbsPdf::plotCompOn; RooRefCountListRooAbsArg::_serverListlist of server objects; Bool_tRooAbsArg::_shapeDirtyFlag set if value needs recalculating because input shapes modified; RooRealVarSharedProperties*_sharedProp! Shared properties associated with this instance; static RooSharedPropertiesList_sharedPropListList of properties shared among clone sets ; RooNumIntConfig*RooAbsReal::_specIntegratorConfigNumeric integrator configuration specific for this object; map<std::string,std::string>RooAbsArg::_stringAttribString attributes; Bool_tRooAbsReal::_treeVar!do not persist; UInt_tRooAbsReal::_uintValue! Transient cache for unsigned integer values from tree branches ; TStringRooAbsReal::_unitUnit for objects value; Double_tRooAbsReal::_valueCache for current value of object; Bool_tRooAbsArg::_valueDirtyFlag set if value needs recalculating because input values modified; static Bool_tRooAbsArg::_verboseDirtyStatic flag controlling verbose messaging for dirty state changes; TStringTNamed::fNameobject identifier; TStringTNamed::fTitleobject title. Class Charts. Inheritance; Inherited Members; Includes; Libraries. Function documentation; Roo

Instructions: 
1. Analyze the content and the attribute description.
2. Determine if the content accurately reflects the intended quality attribute in this context.
3. If it does, label it as `true_positive: true`; if not, mark it as a `true_positive: false`.
4. If the content consists only of logs with no other text, mark it as a `true_positive: false`. 
4. If the content partially consists of logs, focus on analyzing remaining text. 
5. Add `reasoning` why the content is a true or false positive.
",,[WinError 10054] An existing connection was forcibly closed by the remote host
Deployability,"r to the parent mdi frame. ;  ; TGFrame * GetBtnEnableParent (TGFrame *fr);  Return a parent which can handle button events. ;  ; TGFrame * GetEditableParent (TGFrame *f);  Return the parent frame which can be edited. ;  ; TList * GetFramesInside (Int_t x0, Int_t y0, Int_t x, Int_t y);  Return the list of frames inside of some area. ;  ; TGFrame * GetMovableParent (TGWindow *p);  Find parent frame which can be dragged. ;  ; TGWindow * GetResizableParent (TGWindow *p);  Find parent frame which can be resized. ;  ; void GrabFrame (TGFrame *frame);  grab frame (see SelectFrame) ;  ; void HandleAlignment (Int_t to, Bool_t lineup=kFALSE);  Align frames located inside lasso area. ;  ; void HandleButon3Pressed (Event_t *, TGFrame *frame=nullptr);  Handle 3d mouse pressed (popup context menu) ;  ; Bool_t HandleButton (Event_t *) override;  Handle button event occurred in some ROOT frame. ;  ; Bool_t HandleButtonPress (Event_t *);  Handle button press event. ;  ; Bool_t HandleButtonRelease (Event_t *);  Handle button release event. ;  ; Bool_t HandleClientMessage (Event_t *) override;  Handle client message. ;  ; Bool_t HandleConfigureNotify (Event_t *) override;  Resize events. ;  ; void HandleCopy (Bool_t brk_layout=kTRUE);  Handle copy. ;  ; void HandleCut ();  Handle cut action. ;  ; void HandleDelete (Bool_t crop=kFALSE);  Handle delete or crop action. ;  ; Bool_t HandleDestroyNotify (Event_t *);  Handle destroy notify. ;  ; Bool_t HandleDoubleClick (Event_t *) override;  Mouse double click handler (never should happen) ;  ; Bool_t HandleEvent (Event_t *) override;  Handle all events. ;  ; Bool_t HandleExpose (Event_t *) override;  Handle repaint event. ;  ; void HandleGrid ();  Switch on/of grid drawn. ;  ; void HandleLayoutOrder (Bool_t forward=kTRUE);  Change layout order. ;  ; Bool_t HandleMotion (Event_t *) override;  Handle motion event. ;  ; void HandlePaste ();  Handle paste action. ;  ; void HandleReplace ();  Handle replace. ;  ; void HandleReturn (Bool_t on=kF",release,MatchSource.WIKI,root-project,root,v6-32-06,https://root.cern/doc/master/classTGuiBldDragManager.html:28342,release,28342,doc/master/classTGuiBldDragManager.html,https://root.cern,https://root.cern/doc/master/classTGuiBldDragManager.html,1,['release'],['release'],"The capability of software to be deployed into an operational environment with predictable time and effort, including options for rollback if needed. Key aspects include automation, deployment speed, and deployment granularity.","
You are an expert in evaluating and categorizing quality attributes in software engineering. You possess the necessary skills to distinguish sentences that clearly relate to a given quality attribute from those that do not. 

Evaluate whether the content accurately aligns with its associated quality attribute, given the context provided. Your goal is to determine if the content makes sense in relation to the quality attribute description or if it is a false positive.

Data:

Quality Attribute: Deployability
Attribute Description: The capability of software to be deployed into an operational environment with predictable time and effort, including options for rollback if needed. Key aspects include automation, deployment speed, and deployment granularity.
Content: r to the parent mdi frame. ;  ; TGFrame * GetBtnEnableParent (TGFrame *fr);  Return a parent which can handle button events. ;  ; TGFrame * GetEditableParent (TGFrame *f);  Return the parent frame which can be edited. ;  ; TList * GetFramesInside (Int_t x0, Int_t y0, Int_t x, Int_t y);  Return the list of frames inside of some area. ;  ; TGFrame * GetMovableParent (TGWindow *p);  Find parent frame which can be dragged. ;  ; TGWindow * GetResizableParent (TGWindow *p);  Find parent frame which can be resized. ;  ; void GrabFrame (TGFrame *frame);  grab frame (see SelectFrame) ;  ; void HandleAlignment (Int_t to, Bool_t lineup=kFALSE);  Align frames located inside lasso area. ;  ; void HandleButon3Pressed (Event_t *, TGFrame *frame=nullptr);  Handle 3d mouse pressed (popup context menu) ;  ; Bool_t HandleButton (Event_t *) override;  Handle button event occurred in some ROOT frame. ;  ; Bool_t HandleButtonPress (Event_t *);  Handle button press event. ;  ; Bool_t HandleButtonRelease (Event_t *);  Handle button release event. ;  ; Bool_t HandleClientMessage (Event_t *) override;  Handle client message. ;  ; Bool_t HandleConfigureNotify (Event_t *) override;  Resize events. ;  ; void HandleCopy (Bool_t brk_layout=kTRUE);  Handle copy. ;  ; void HandleCut ();  Handle cut action. ;  ; void HandleDelete (Bool_t crop=kFALSE);  Handle delete or crop action. ;  ; Bool_t HandleDestroyNotify (Event_t *);  Handle destroy notify. ;  ; Bool_t HandleDoubleClick (Event_t *) override;  Mouse double click handler (never should happen) ;  ; Bool_t HandleEvent (Event_t *) override;  Handle all events. ;  ; Bool_t HandleExpose (Event_t *) override;  Handle repaint event. ;  ; void HandleGrid ();  Switch on/of grid drawn. ;  ; void HandleLayoutOrder (Bool_t forward=kTRUE);  Change layout order. ;  ; Bool_t HandleMotion (Event_t *) override;  Handle motion event. ;  ; void HandlePaste ();  Handle paste action. ;  ; void HandleReplace ();  Handle replace. ;  ; void HandleReturn (Bool_t on=kF

Instructions: 
1. Analyze the content and the attribute description.
2. Determine if the content accurately reflects the intended quality attribute in this context.
3. If it does, label it as `true_positive: true`; if not, mark it as a `true_positive: false`.
4. If the content consists only of logs with no other text, mark it as a `true_positive: false`. 
4. If the content partially consists of logs, focus on analyzing remaining text. 
5. Add `reasoning` why the content is a true or false positive.
",,[WinError 10054] An existing connection was forcibly closed by the remote host
Deployability,"r type; can be 'QuasiRandom' (default) and 'PseudoRandom'. Consult the original; VEGAS documentation on details of the mode and type parameters. RooMCIntegrator(const RooAbsFunc& function, const RooNumIntConfig& config); Construct an integrator over 'function' where the configuration details; are taken from 'config'. RooAbsIntegrator* clone(const RooAbsFunc& function, const RooNumIntConfig& config) const; Return clone of this generator operating on given function with given configuration; Needed to support RooNumIntFactory. ~RooMCIntegrator(); Destructor. Bool_t checkLimits() const; Check if we can integrate over the current domain. If return value; is kTRUE we cannot handle the current limits (e.g. where the domain; of one or more observables is open ended. Double_t integral(const Double_t* yvec = 0); Evaluate the integral using a fixed number of calls to evaluate the integrand; equal to about 10k per dimension. Use the first 5k calls to refine the grid; over 5 iterations of 1k calls each, and the remaining 5k calls for a single; high statistics integration. Double_t vegas(RooMCIntegrator::Stage stage, UInt_t calls, UInt_t iterations, Double_t* absError = 0); Perform one step of Monte Carlo integration using the specified number of iterations; with (approximately) the specified number of integrand evaluation calls per iteration.; Use the VEGAS algorithm, starting from the specified stage. Returns the best estimate; of the integral. Also sets *absError to the estimated absolute error of the integral; estimate if absError is non-zero. RooMCIntegrator(). Double_t getAlpha() const; { return _alpha; }. void setAlpha(Double_t alpha); { _alpha= alpha; }. GeneratorType getGenType() const; { return _genType; }. void setGenType(RooMCIntegrator::GeneratorType type); { _genType= type; }. const RooGrid & grid() const; { return _grid; }. Bool_t canIntegrate1D() const; { return kTRUE ; }. Bool_t canIntegrate2D() const; { return kTRUE ; }. Bool_t canIntegrateND() const; { return kT",integrat,MatchSource.WIKI,root-project,root,v6-32-06,https://root.cern/root/html526/RooMCIntegrator.html:9668,integration,9668,root/html526/RooMCIntegrator.html,https://root.cern,https://root.cern/root/html526/RooMCIntegrator.html,11,['integrat'],['integration'],"The capability of software to be deployed into an operational environment with predictable time and effort, including options for rollback if needed. Key aspects include automation, deployment speed, and deployment granularity.","
You are an expert in evaluating and categorizing quality attributes in software engineering. You possess the necessary skills to distinguish sentences that clearly relate to a given quality attribute from those that do not. 

Evaluate whether the content accurately aligns with its associated quality attribute, given the context provided. Your goal is to determine if the content makes sense in relation to the quality attribute description or if it is a false positive.

Data:

Quality Attribute: Deployability
Attribute Description: The capability of software to be deployed into an operational environment with predictable time and effort, including options for rollback if needed. Key aspects include automation, deployment speed, and deployment granularity.
Content: r type; can be 'QuasiRandom' (default) and 'PseudoRandom'. Consult the original; VEGAS documentation on details of the mode and type parameters. RooMCIntegrator(const RooAbsFunc& function, const RooNumIntConfig& config); Construct an integrator over 'function' where the configuration details; are taken from 'config'. RooAbsIntegrator* clone(const RooAbsFunc& function, const RooNumIntConfig& config) const; Return clone of this generator operating on given function with given configuration; Needed to support RooNumIntFactory. ~RooMCIntegrator(); Destructor. Bool_t checkLimits() const; Check if we can integrate over the current domain. If return value; is kTRUE we cannot handle the current limits (e.g. where the domain; of one or more observables is open ended. Double_t integral(const Double_t* yvec = 0); Evaluate the integral using a fixed number of calls to evaluate the integrand; equal to about 10k per dimension. Use the first 5k calls to refine the grid; over 5 iterations of 1k calls each, and the remaining 5k calls for a single; high statistics integration. Double_t vegas(RooMCIntegrator::Stage stage, UInt_t calls, UInt_t iterations, Double_t* absError = 0); Perform one step of Monte Carlo integration using the specified number of iterations; with (approximately) the specified number of integrand evaluation calls per iteration.; Use the VEGAS algorithm, starting from the specified stage. Returns the best estimate; of the integral. Also sets *absError to the estimated absolute error of the integral; estimate if absError is non-zero. RooMCIntegrator(). Double_t getAlpha() const; { return _alpha; }. void setAlpha(Double_t alpha); { _alpha= alpha; }. GeneratorType getGenType() const; { return _genType; }. void setGenType(RooMCIntegrator::GeneratorType type); { _genType= type; }. const RooGrid & grid() const; { return _grid; }. Bool_t canIntegrate1D() const; { return kTRUE ; }. Bool_t canIntegrate2D() const; { return kTRUE ; }. Bool_t canIntegrateND() const; { return kT

Instructions: 
1. Analyze the content and the attribute description.
2. Determine if the content accurately reflects the intended quality attribute in this context.
3. If it does, label it as `true_positive: true`; if not, mark it as a `true_positive: false`.
4. If the content consists only of logs with no other text, mark it as a `true_positive: false`. 
4. If the content partially consists of logs, focus on analyzing remaining text. 
5. Add `reasoning` why the content is a true or false positive.
",,[WinError 10054] An existing connection was forcibly closed by the remote host
Deployability,"r value to be Toggled instead of TObjectl; TStringTNamed::fTitleobject title. private:. Long_tfOffValueValue recognized as switched OFF(Def=0); Long_tfOnValueValue recognized as switched ON (Def=1); Bool_tfStateObject's state - ""a local copy""; Long_tfValueLocal copy of a value returned by called function. Class Charts. Inheritance; Inherited Members; Includes; Libraries. Function documentation; TToggle(); TToggle default constructor. You have to initialize it before using; by making a call to SetToggledVariable() or SetToggledObject(). void SetToggledVariable(Int_t& var); Initializes object for use with a variable - you pass it via reference; so it will be modified by Toggle. Bool_t GetState(); Returns the state of Toggle according to its current value and; fOnValue, returns true if they match. void SetState(Bool_t state); Sets the value of toggle to fOnValue or fOffValue according to passed; argument. void SetValue(Long_t val); Sets the value of toggle and modifies its state according to whether; the value is equal to fOnValue. void Toggle(); Toggles the Values and State of this object and connected data!. void SetToggledObject(TObject* obj, TMethod* anymethod); Initializes it to toggle an object's datamember using this object's; method. TToggle(). Bool_t IsInitialized(); {return fInitialized;}. void SetOnValue(Long_t lon); {fOnValue=lon;}. Long_t GetOnValue(); {return fOnValue;}. void SetOffValue(Long_t lof); {fOffValue=lof;}. Long_t GetOffValue(); {return fOffValue;}. Int_t GetValue(); {return fValue;}. TMethodCall * GetGetter() const; { return fGetter; }. TMethodCall * GetSetter() const; { return fSetter; }. » Author: Piotr Golonka 30/07/97 » Copyright (C) 1995-2000, Rene Brun and Fons Rademakers. *; » Last changed: root/meta:$Id: TToggle.h 28005 2009-03-31 13:12:24Z brun $ » Last generated: 2010-09-23 20:21; This page has been automatically generated. For comments or suggestions regarding the documentation or ROOT in general please send a mail to ROOT support. ",toggle,MatchSource.WIKI,root-project,root,v6-32-06,https://root.cern/root/html528/TToggle.html:8069,toggle,8069,root/html528/TToggle.html,https://root.cern,https://root.cern/root/html528/TToggle.html,1,['toggle'],['toggle'],"The capability of software to be deployed into an operational environment with predictable time and effort, including options for rollback if needed. Key aspects include automation, deployment speed, and deployment granularity.","
You are an expert in evaluating and categorizing quality attributes in software engineering. You possess the necessary skills to distinguish sentences that clearly relate to a given quality attribute from those that do not. 

Evaluate whether the content accurately aligns with its associated quality attribute, given the context provided. Your goal is to determine if the content makes sense in relation to the quality attribute description or if it is a false positive.

Data:

Quality Attribute: Deployability
Attribute Description: The capability of software to be deployed into an operational environment with predictable time and effort, including options for rollback if needed. Key aspects include automation, deployment speed, and deployment granularity.
Content: r value to be Toggled instead of TObjectl; TStringTNamed::fTitleobject title. private:. Long_tfOffValueValue recognized as switched OFF(Def=0); Long_tfOnValueValue recognized as switched ON (Def=1); Bool_tfStateObject's state - ""a local copy""; Long_tfValueLocal copy of a value returned by called function. Class Charts. Inheritance; Inherited Members; Includes; Libraries. Function documentation; TToggle(); TToggle default constructor. You have to initialize it before using; by making a call to SetToggledVariable() or SetToggledObject(). void SetToggledVariable(Int_t& var); Initializes object for use with a variable - you pass it via reference; so it will be modified by Toggle. Bool_t GetState(); Returns the state of Toggle according to its current value and; fOnValue, returns true if they match. void SetState(Bool_t state); Sets the value of toggle to fOnValue or fOffValue according to passed; argument. void SetValue(Long_t val); Sets the value of toggle and modifies its state according to whether; the value is equal to fOnValue. void Toggle(); Toggles the Values and State of this object and connected data!. void SetToggledObject(TObject* obj, TMethod* anymethod); Initializes it to toggle an object's datamember using this object's; method. TToggle(). Bool_t IsInitialized(); {return fInitialized;}. void SetOnValue(Long_t lon); {fOnValue=lon;}. Long_t GetOnValue(); {return fOnValue;}. void SetOffValue(Long_t lof); {fOffValue=lof;}. Long_t GetOffValue(); {return fOffValue;}. Int_t GetValue(); {return fValue;}. TMethodCall * GetGetter() const; { return fGetter; }. TMethodCall * GetSetter() const; { return fSetter; }. » Author: Piotr Golonka 30/07/97 » Copyright (C) 1995-2000, Rene Brun and Fons Rademakers. *; » Last changed: root/meta:$Id: TToggle.h 28005 2009-03-31 13:12:24Z brun $ » Last generated: 2010-09-23 20:21; This page has been automatically generated. For comments or suggestions regarding the documentation or ROOT in general please send a mail to ROOT support. 

Instructions: 
1. Analyze the content and the attribute description.
2. Determine if the content accurately reflects the intended quality attribute in this context.
3. If it does, label it as `true_positive: true`; if not, mark it as a `true_positive: false`.
4. If the content consists only of logs with no other text, mark it as a `true_positive: false`. 
4. If the content partially consists of logs, focus on analyzing remaining text. 
5. Add `reasoning` why the content is a true or false positive.
",,[WinError 10054] An existing connection was forcibly closed by the remote host
Deployability,"r value to be Toggled instead of TObjectl; TStringTNamed::fTitleobject title. private:. Long_tfOffValueValue recognized as switched OFF(Def=0); Long_tfOnValueValue recognized as switched ON (Def=1); Bool_tfStateObject's state - ""a local copy""; Long_tfValueLocal copy of a value returned by called function. Class Charts. Inheritance; Inherited Members; Includes; Libraries. Function documentation; TToggle(); TToggle default constructor. You have to initialize it before using; by making a call to SetToggledVariable() or SetToggledObject(). void SetToggledVariable(Int_t& var); Initializes object for use with a variable - you pass it via reference; so it will be modified by Toggle. Bool_t GetState(); Returns the state of Toggle according to its current value and; fOnValue, returns true if they match. void SetState(Bool_t state); Sets the value of toggle to fOnValue or fOffValue according to passed; argument. void SetValue(Long_t val); Sets the value of toggle and modifies its state according to whether; the value is equal to fOnValue. void Toggle(); Toggles the Values and State of this object and connected data!. void SetToggledObject(TObject* obj, TMethod* anymethod); Initializes it to toggle an object's datamember using this object's; method. TToggle(). Bool_t IsInitialized(); {return fInitialized;}. void SetOnValue(Long_t lon); {fOnValue=lon;}. Long_t GetOnValue(); {return fOnValue;}. void SetOffValue(Long_t lof); {fOffValue=lof;}. Long_t GetOffValue(); {return fOffValue;}. Int_t GetValue(); {return fValue;}. TMethodCall * GetGetter() const; { return fGetter; }. TMethodCall * GetSetter() const; { return fSetter; }. » Author: Piotr Golonka 30/07/97 » Copyright (C) 1995-2000, Rene Brun and Fons Rademakers. *; » Last changed: root/meta:$Id: TToggle.h 28005 2009-03-31 13:12:24Z brun $ » Last generated: 2011-07-04 15:38; This page has been automatically generated. For comments or suggestions regarding the documentation or ROOT in general please send a mail to ROOT support. ",toggle,MatchSource.WIKI,root-project,root,v6-32-06,https://root.cern/root/html530/TToggle.html:8138,toggle,8138,root/html530/TToggle.html,https://root.cern,https://root.cern/root/html530/TToggle.html,1,['toggle'],['toggle'],"The capability of software to be deployed into an operational environment with predictable time and effort, including options for rollback if needed. Key aspects include automation, deployment speed, and deployment granularity.","
You are an expert in evaluating and categorizing quality attributes in software engineering. You possess the necessary skills to distinguish sentences that clearly relate to a given quality attribute from those that do not. 

Evaluate whether the content accurately aligns with its associated quality attribute, given the context provided. Your goal is to determine if the content makes sense in relation to the quality attribute description or if it is a false positive.

Data:

Quality Attribute: Deployability
Attribute Description: The capability of software to be deployed into an operational environment with predictable time and effort, including options for rollback if needed. Key aspects include automation, deployment speed, and deployment granularity.
Content: r value to be Toggled instead of TObjectl; TStringTNamed::fTitleobject title. private:. Long_tfOffValueValue recognized as switched OFF(Def=0); Long_tfOnValueValue recognized as switched ON (Def=1); Bool_tfStateObject's state - ""a local copy""; Long_tfValueLocal copy of a value returned by called function. Class Charts. Inheritance; Inherited Members; Includes; Libraries. Function documentation; TToggle(); TToggle default constructor. You have to initialize it before using; by making a call to SetToggledVariable() or SetToggledObject(). void SetToggledVariable(Int_t& var); Initializes object for use with a variable - you pass it via reference; so it will be modified by Toggle. Bool_t GetState(); Returns the state of Toggle according to its current value and; fOnValue, returns true if they match. void SetState(Bool_t state); Sets the value of toggle to fOnValue or fOffValue according to passed; argument. void SetValue(Long_t val); Sets the value of toggle and modifies its state according to whether; the value is equal to fOnValue. void Toggle(); Toggles the Values and State of this object and connected data!. void SetToggledObject(TObject* obj, TMethod* anymethod); Initializes it to toggle an object's datamember using this object's; method. TToggle(). Bool_t IsInitialized(); {return fInitialized;}. void SetOnValue(Long_t lon); {fOnValue=lon;}. Long_t GetOnValue(); {return fOnValue;}. void SetOffValue(Long_t lof); {fOffValue=lof;}. Long_t GetOffValue(); {return fOffValue;}. Int_t GetValue(); {return fValue;}. TMethodCall * GetGetter() const; { return fGetter; }. TMethodCall * GetSetter() const; { return fSetter; }. » Author: Piotr Golonka 30/07/97 » Copyright (C) 1995-2000, Rene Brun and Fons Rademakers. *; » Last changed: root/meta:$Id: TToggle.h 28005 2009-03-31 13:12:24Z brun $ » Last generated: 2011-07-04 15:38; This page has been automatically generated. For comments or suggestions regarding the documentation or ROOT in general please send a mail to ROOT support. 

Instructions: 
1. Analyze the content and the attribute description.
2. Determine if the content accurately reflects the intended quality attribute in this context.
3. If it does, label it as `true_positive: true`; if not, mark it as a `true_positive: false`.
4. If the content consists only of logs with no other text, mark it as a `true_positive: false`. 
4. If the content partially consists of logs, focus on analyzing remaining text. 
5. Add `reasoning` why the content is a true or false positive.
",,[WinError 10054] An existing connection was forcibly closed by the remote host
