quality_attribute,sentence,keyword,source,author,repo,version,id,matched_word,match_idx,wiki,url,total_similar,target_keywords,target_matched_words,attribute_desc,prompt,true_positive,reasoning,arch_prompt,related_to_architecture,related_to_architecture_reasoning
Deployability,o.1 -> libXrdAppUtils.so.1.0.0; > -rwxr-xr-x 1 cvmfs cvmfs 74512 Sep 10 03:19 /cvmfs/atlas.cern.ch/repo/sw/software/21.2/AnalysisBaseExternals/21.2.139/InstallArea/x86_64-centos7-gcc8-opt/lib/libXrdAppUtils.so.1.0.0; > -rwxr-xr-x <http://atlas.cern.ch/repo/sw/software/21.2/AnalysisBaseExternals/21.2.139/InstallArea/x86_64-centos7-gcc8-opt/lib/libXrdAppUtils.so.1.0.0-rwxr-xr-x> 1 cvmfs cvmfs 18432 Sep 10 03:19 /cvmfs/atlas.cern.ch/repo/sw/software/21.2/AnalysisBaseExternals/21.2.139/InstallArea/x86_64-centos7-gcc8-opt/lib/libXrdBlacklistDecision-4.so; > -rwxr-xr-x <http://atlas.cern.ch/repo/sw/software/21.2/AnalysisBaseExternals/21.2.139/InstallArea/x86_64-centos7-gcc8-opt/lib/libXrdBlacklistDecision-4.so-rwxr-xr-x> 1 cvmfs cvmfs 82136 Sep 10 03:21 /cvmfs/atlas.cern.ch/repo/sw/software/21.2/AnalysisBaseExternals/21.2.139/InstallArea/x86_64-centos7-gcc8-opt/lib/libXrdBwm-4.so; > -rwxr-xr-x <http://atlas.cern.ch/repo/sw/software/21.2/AnalysisBaseExternals/21.2.139/InstallArea/x86_64-centos7-gcc8-opt/lib/libXrdBwm-4.so-rwxr-xr-x> 1 cvmfs cvmfs 13552 Sep 10 03:19 /cvmfs/atlas.cern.ch/repo/sw/software/21.2/AnalysisBaseExternals/21.2.139/InstallArea/x86_64-centos7-gcc8-opt/lib/libXrdCksCalczcrc32-4.so; > lrwxrwxrwx 1 cvmfs cvmfs 17 Sep 10 13:12 /cvmfs/atlas.cern.ch/repo/sw/software/21.2/AnalysisBaseExternals/21.2.139/InstallArea/x86_64-centos7-gcc8-opt/lib/libXrdClient.so -> libXrdClient.so.2; > lrwxrwxrwx 1 cvmfs cvmfs 21 Sep 10 13:12 /cvmfs/atlas.cern.ch/repo/sw/software/21.2/AnalysisBaseExternals/21.2.139/InstallArea/x86_64-centos7-gcc8-opt/lib/libXrdClient.so.2 -> libXrdClient.so.2.0.0; > -rwxr-xr-x 1 cvmfs cvmfs 663320 Sep 10 03:19 /cvmfs/atlas.cern.ch/repo/sw/software/21.2/AnalysisBaseExternals/21.2.139/InstallArea/x86_64-centos7-gcc8-opt/lib/libXrdClient.so.2.0.0; > -rwxr-xr-x <http://atlas.cern.ch/repo/sw/software/21.2/AnalysisBaseExternals/21.2.139/InstallArea/x86_64-centos7-gcc8-opt/lib/libXrdClient.so.2.0.0-rwxr-xr-x> 1 cvmfs cvmfs 42096 Sep 10 03:21 /cvmfs/atla,Install,MatchSource.ISSUE_COMMENT,root-project,root,v6-32-06,https://github.com/root-project/root/issues/6948#issuecomment-744315185:2328,InstallArea,2328,https://root.cern,https://github.com/root-project/root/issues/6948#issuecomment-744315185,1,['Install'],['InstallArea'],"The capability of software to be deployed into an operational environment with predictable time and effort, including options for rollback if needed. Key aspects include automation, deployment speed, and deployment granularity.","
You are an expert in evaluating and categorizing quality attributes in software engineering. You possess the necessary skills to distinguish sentences that clearly relate to a given quality attribute from those that do not. 

Evaluate whether the content accurately aligns with its associated quality attribute, given the context provided. Your goal is to determine if the content makes sense in relation to the quality attribute description or if it is a false positive.

Data:

Quality Attribute: Deployability
Attribute Description: The capability of software to be deployed into an operational environment with predictable time and effort, including options for rollback if needed. Key aspects include automation, deployment speed, and deployment granularity.
Content: o.1 -> libXrdAppUtils.so.1.0.0; > -rwxr-xr-x 1 cvmfs cvmfs 74512 Sep 10 03:19 /cvmfs/atlas.cern.ch/repo/sw/software/21.2/AnalysisBaseExternals/21.2.139/InstallArea/x86_64-centos7-gcc8-opt/lib/libXrdAppUtils.so.1.0.0; > -rwxr-xr-x <http://atlas.cern.ch/repo/sw/software/21.2/AnalysisBaseExternals/21.2.139/InstallArea/x86_64-centos7-gcc8-opt/lib/libXrdAppUtils.so.1.0.0-rwxr-xr-x> 1 cvmfs cvmfs 18432 Sep 10 03:19 /cvmfs/atlas.cern.ch/repo/sw/software/21.2/AnalysisBaseExternals/21.2.139/InstallArea/x86_64-centos7-gcc8-opt/lib/libXrdBlacklistDecision-4.so; > -rwxr-xr-x <http://atlas.cern.ch/repo/sw/software/21.2/AnalysisBaseExternals/21.2.139/InstallArea/x86_64-centos7-gcc8-opt/lib/libXrdBlacklistDecision-4.so-rwxr-xr-x> 1 cvmfs cvmfs 82136 Sep 10 03:21 /cvmfs/atlas.cern.ch/repo/sw/software/21.2/AnalysisBaseExternals/21.2.139/InstallArea/x86_64-centos7-gcc8-opt/lib/libXrdBwm-4.so; > -rwxr-xr-x <http://atlas.cern.ch/repo/sw/software/21.2/AnalysisBaseExternals/21.2.139/InstallArea/x86_64-centos7-gcc8-opt/lib/libXrdBwm-4.so-rwxr-xr-x> 1 cvmfs cvmfs 13552 Sep 10 03:19 /cvmfs/atlas.cern.ch/repo/sw/software/21.2/AnalysisBaseExternals/21.2.139/InstallArea/x86_64-centos7-gcc8-opt/lib/libXrdCksCalczcrc32-4.so; > lrwxrwxrwx 1 cvmfs cvmfs 17 Sep 10 13:12 /cvmfs/atlas.cern.ch/repo/sw/software/21.2/AnalysisBaseExternals/21.2.139/InstallArea/x86_64-centos7-gcc8-opt/lib/libXrdClient.so -> libXrdClient.so.2; > lrwxrwxrwx 1 cvmfs cvmfs 21 Sep 10 13:12 /cvmfs/atlas.cern.ch/repo/sw/software/21.2/AnalysisBaseExternals/21.2.139/InstallArea/x86_64-centos7-gcc8-opt/lib/libXrdClient.so.2 -> libXrdClient.so.2.0.0; > -rwxr-xr-x 1 cvmfs cvmfs 663320 Sep 10 03:19 /cvmfs/atlas.cern.ch/repo/sw/software/21.2/AnalysisBaseExternals/21.2.139/InstallArea/x86_64-centos7-gcc8-opt/lib/libXrdClient.so.2.0.0; > -rwxr-xr-x <http://atlas.cern.ch/repo/sw/software/21.2/AnalysisBaseExternals/21.2.139/InstallArea/x86_64-centos7-gcc8-opt/lib/libXrdClient.so.2.0.0-rwxr-xr-x> 1 cvmfs cvmfs 42096 Sep 10 03:21 /cvmfs/atla

Instructions: 
1. Analyze the content and the attribute description.
2. Determine if the content accurately reflects the intended quality attribute in this context.
3. If it does, label it as `true_positive: true`; if not, mark it as a `true_positive: false`.
4. If the content consists only of logs with no other text, mark it as a `true_positive: false`. 
4. If the content partially consists of logs, focus on analyzing remaining text. 
5. Add `reasoning` why the content is a true or false positive.
",True,"The content provided lists file paths and permissions from a file system, which appears to be related to software deployment. It mentions specific .so files and their versions, indicating that these are part of a deployable software component. The presence of these files in an install area suggests that the software is being deployed, which aligns with Deployability as it involves getting the software into the operational environment.","
You are an expert in software architecture and software engineering. You have the necessary expertise to evaluate whether a given piece of content is related to software architecture.

Evaluate whether the content explicitly discusses or relates to software architecture concepts, principles, or concerns. Your goal is to determine if the content is relevant to software architecture.

Data:

Content: o.1 -> libXrdAppUtils.so.1.0.0; > -rwxr-xr-x 1 cvmfs cvmfs 74512 Sep 10 03:19 /cvmfs/atlas.cern.ch/repo/sw/software/21.2/AnalysisBaseExternals/21.2.139/InstallArea/x86_64-centos7-gcc8-opt/lib/libXrdAppUtils.so.1.0.0; > -rwxr-xr-x <http://atlas.cern.ch/repo/sw/software/21.2/AnalysisBaseExternals/21.2.139/InstallArea/x86_64-centos7-gcc8-opt/lib/libXrdAppUtils.so.1.0.0-rwxr-xr-x> 1 cvmfs cvmfs 18432 Sep 10 03:19 /cvmfs/atlas.cern.ch/repo/sw/software/21.2/AnalysisBaseExternals/21.2.139/InstallArea/x86_64-centos7-gcc8-opt/lib/libXrdBlacklistDecision-4.so; > -rwxr-xr-x <http://atlas.cern.ch/repo/sw/software/21.2/AnalysisBaseExternals/21.2.139/InstallArea/x86_64-centos7-gcc8-opt/lib/libXrdBlacklistDecision-4.so-rwxr-xr-x> 1 cvmfs cvmfs 82136 Sep 10 03:21 /cvmfs/atlas.cern.ch/repo/sw/software/21.2/AnalysisBaseExternals/21.2.139/InstallArea/x86_64-centos7-gcc8-opt/lib/libXrdBwm-4.so; > -rwxr-xr-x <http://atlas.cern.ch/repo/sw/software/21.2/AnalysisBaseExternals/21.2.139/InstallArea/x86_64-centos7-gcc8-opt/lib/libXrdBwm-4.so-rwxr-xr-x> 1 cvmfs cvmfs 13552 Sep 10 03:19 /cvmfs/atlas.cern.ch/repo/sw/software/21.2/AnalysisBaseExternals/21.2.139/InstallArea/x86_64-centos7-gcc8-opt/lib/libXrdCksCalczcrc32-4.so; > lrwxrwxrwx 1 cvmfs cvmfs 17 Sep 10 13:12 /cvmfs/atlas.cern.ch/repo/sw/software/21.2/AnalysisBaseExternals/21.2.139/InstallArea/x86_64-centos7-gcc8-opt/lib/libXrdClient.so -> libXrdClient.so.2; > lrwxrwxrwx 1 cvmfs cvmfs 21 Sep 10 13:12 /cvmfs/atlas.cern.ch/repo/sw/software/21.2/AnalysisBaseExternals/21.2.139/InstallArea/x86_64-centos7-gcc8-opt/lib/libXrdClient.so.2 -> libXrdClient.so.2.0.0; > -rwxr-xr-x 1 cvmfs cvmfs 663320 Sep 10 03:19 /cvmfs/atlas.cern.ch/repo/sw/software/21.2/AnalysisBaseExternals/21.2.139/InstallArea/x86_64-centos7-gcc8-opt/lib/libXrdClient.so.2.0.0; > -rwxr-xr-x <http://atlas.cern.ch/repo/sw/software/21.2/AnalysisBaseExternals/21.2.139/InstallArea/x86_64-centos7-gcc8-opt/lib/libXrdClient.so.2.0.0-rwxr-xr-x> 1 cvmfs cvmfs 42096 Sep 10 03:21 /cvmfs/atla
Instructions:

1. Analyze the content and determine whether it is discussing software architecture, including but not limited to:
    * Architectural patterns or styles (e.g., microservices, monolith, event-driven architecture).
    * Architectural decisions, trade-offs, or quality attributes (e.g., scalability, maintainability, performance).
    * High-level system structure, interactions, dependencies, or constraints.
2. If the content clearly pertains to software architecture, mark it as `related_to_architecture: true`.
3. If the content is general software development, code-level details, logs, or unrelated to architecture, mark it as `related_to_architecture: false`.
4. If the content includes partial architectural relevance but is mostly about implementation details, analyze whether the relevant part is strong enough to classify it as `related_to_architecture: true`.
5. Provide `related_to_architecture_reasoning` explaining why the content is classified as related on unrelated.
",,[WinError 10054] An existing connection was forcibly closed by the remote host
Deployability,o/sw/software/21.2/AnalysisBaseExternals/21.2.139/InstallArea/x86_64-centos7-gcc8-opt/lib/libXrdClient.so.2.0.0-rwxr-xr-x> 1 cvmfs cvmfs 42096 Sep 10 03:21 /cvmfs/atlas.cern.ch/repo/sw/software/21.2/AnalysisBaseExternals/21.2.139/InstallArea/x86_64-centos7-gcc8-opt/lib/libXrdClProxyPlugin-4.so; > lrwxrwxrwx 1 cvmfs cvmfs 13 Sep 10 13:12 /cvmfs/atlas.cern.ch/repo/sw/software/21.2/AnalysisBaseExternals/21.2.139/InstallArea/x86_64-centos7-gcc8-opt/lib/libXrdCl.so -> libXrdCl.so.2; > lrwxrwxrwx 1 cvmfs cvmfs 17 Sep 10 13:12 /cvmfs/atlas.cern.ch/repo/sw/software/21.2/AnalysisBaseExternals/21.2.139/InstallArea/x86_64-centos7-gcc8-opt/lib/libXrdCl.so.2 -> libXrdCl.so.2.0.0; > -rwxr-xr-x 1 cvmfs cvmfs 1416944 Sep 10 03:20 /cvmfs/atlas.cern.ch/repo/sw/software/21.2/AnalysisBaseExternals/21.2.139/InstallArea/x86_64-centos7-gcc8-opt/lib/libXrdCl.so.2.0.0; > lrwxrwxrwx 1 cvmfs cvmfs 21 Sep 10 13:12 /cvmfs/atlas.cern.ch/repo/sw/software/21.2/AnalysisBaseExternals/21.2.139/InstallArea/x86_64-centos7-gcc8-opt/lib/libXrdCryptoLite.so -> libXrdCryptoLite.so.1; > lrwxrwxrwx 1 cvmfs cvmfs 25 Sep 10 13:12 /cvmfs/atlas.cern.ch/repo/sw/software/21.2/AnalysisBaseExternals/21.2.139/InstallArea/x86_64-centos7-gcc8-opt/lib/libXrdCryptoLite.so.1 -> libXrdCryptoLite.so.1.0.0; > -rwxr-xr-x 1 cvmfs cvmfs 13632 Sep 10 03:19 /cvmfs/atlas.cern.ch/repo/sw/software/21.2/AnalysisBaseExternals/21.2.139/InstallArea/x86_64-centos7-gcc8-opt/lib/libXrdCryptoLite.so.1.0.0; > lrwxrwxrwx 1 cvmfs cvmfs 17 Sep 10 13:12 /cvmfs/atlas.cern.ch/repo/sw/software/21.2/AnalysisBaseExternals/21.2.139/InstallArea/x86_64-centos7-gcc8-opt/lib/libXrdCrypto.so -> libXrdCrypto.so.1; > lrwxrwxrwx 1 cvmfs cvmfs 21 Sep 10 13:12 /cvmfs/atlas.cern.ch/repo/sw/software/21.2/AnalysisBaseExternals/21.2.139/InstallArea/x86_64-centos7-gcc8-opt/lib/libXrdCrypto.so.1 -> libXrdCrypto.so.1.0.0; > -rwxr-xr-x 1 cvmfs cvmfs 129112 Sep 10 03:19 /cvmfs/atlas.cern.ch/repo/sw/software/21.2/AnalysisBaseExternals/21.2.139/InstallArea/x86_64-centos7-g,Install,MatchSource.ISSUE_COMMENT,root-project,root,v6-32-06,https://github.com/root-project/root/issues/6948#issuecomment-744315185:4159,InstallArea,4159,https://root.cern,https://github.com/root-project/root/issues/6948#issuecomment-744315185,1,['Install'],['InstallArea'],"The capability of software to be deployed into an operational environment with predictable time and effort, including options for rollback if needed. Key aspects include automation, deployment speed, and deployment granularity.","
You are an expert in evaluating and categorizing quality attributes in software engineering. You possess the necessary skills to distinguish sentences that clearly relate to a given quality attribute from those that do not. 

Evaluate whether the content accurately aligns with its associated quality attribute, given the context provided. Your goal is to determine if the content makes sense in relation to the quality attribute description or if it is a false positive.

Data:

Quality Attribute: Deployability
Attribute Description: The capability of software to be deployed into an operational environment with predictable time and effort, including options for rollback if needed. Key aspects include automation, deployment speed, and deployment granularity.
Content: o/sw/software/21.2/AnalysisBaseExternals/21.2.139/InstallArea/x86_64-centos7-gcc8-opt/lib/libXrdClient.so.2.0.0-rwxr-xr-x> 1 cvmfs cvmfs 42096 Sep 10 03:21 /cvmfs/atlas.cern.ch/repo/sw/software/21.2/AnalysisBaseExternals/21.2.139/InstallArea/x86_64-centos7-gcc8-opt/lib/libXrdClProxyPlugin-4.so; > lrwxrwxrwx 1 cvmfs cvmfs 13 Sep 10 13:12 /cvmfs/atlas.cern.ch/repo/sw/software/21.2/AnalysisBaseExternals/21.2.139/InstallArea/x86_64-centos7-gcc8-opt/lib/libXrdCl.so -> libXrdCl.so.2; > lrwxrwxrwx 1 cvmfs cvmfs 17 Sep 10 13:12 /cvmfs/atlas.cern.ch/repo/sw/software/21.2/AnalysisBaseExternals/21.2.139/InstallArea/x86_64-centos7-gcc8-opt/lib/libXrdCl.so.2 -> libXrdCl.so.2.0.0; > -rwxr-xr-x 1 cvmfs cvmfs 1416944 Sep 10 03:20 /cvmfs/atlas.cern.ch/repo/sw/software/21.2/AnalysisBaseExternals/21.2.139/InstallArea/x86_64-centos7-gcc8-opt/lib/libXrdCl.so.2.0.0; > lrwxrwxrwx 1 cvmfs cvmfs 21 Sep 10 13:12 /cvmfs/atlas.cern.ch/repo/sw/software/21.2/AnalysisBaseExternals/21.2.139/InstallArea/x86_64-centos7-gcc8-opt/lib/libXrdCryptoLite.so -> libXrdCryptoLite.so.1; > lrwxrwxrwx 1 cvmfs cvmfs 25 Sep 10 13:12 /cvmfs/atlas.cern.ch/repo/sw/software/21.2/AnalysisBaseExternals/21.2.139/InstallArea/x86_64-centos7-gcc8-opt/lib/libXrdCryptoLite.so.1 -> libXrdCryptoLite.so.1.0.0; > -rwxr-xr-x 1 cvmfs cvmfs 13632 Sep 10 03:19 /cvmfs/atlas.cern.ch/repo/sw/software/21.2/AnalysisBaseExternals/21.2.139/InstallArea/x86_64-centos7-gcc8-opt/lib/libXrdCryptoLite.so.1.0.0; > lrwxrwxrwx 1 cvmfs cvmfs 17 Sep 10 13:12 /cvmfs/atlas.cern.ch/repo/sw/software/21.2/AnalysisBaseExternals/21.2.139/InstallArea/x86_64-centos7-gcc8-opt/lib/libXrdCrypto.so -> libXrdCrypto.so.1; > lrwxrwxrwx 1 cvmfs cvmfs 21 Sep 10 13:12 /cvmfs/atlas.cern.ch/repo/sw/software/21.2/AnalysisBaseExternals/21.2.139/InstallArea/x86_64-centos7-gcc8-opt/lib/libXrdCrypto.so.1 -> libXrdCrypto.so.1.0.0; > -rwxr-xr-x 1 cvmfs cvmfs 129112 Sep 10 03:19 /cvmfs/atlas.cern.ch/repo/sw/software/21.2/AnalysisBaseExternals/21.2.139/InstallArea/x86_64-centos7-g

Instructions: 
1. Analyze the content and the attribute description.
2. Determine if the content accurately reflects the intended quality attribute in this context.
3. If it does, label it as `true_positive: true`; if not, mark it as a `true_positive: false`.
4. If the content consists only of logs with no other text, mark it as a `true_positive: false`. 
4. If the content partially consists of logs, focus on analyzing remaining text. 
5. Add `reasoning` why the content is a true or false positive.
",True,"The content provided is a list of file paths and their corresponding attributes, which indicates that these files are being deployed. This aligns with the deployability attribute as it relates to successful deployment of software components.","
You are an expert in software architecture and software engineering. You have the necessary expertise to evaluate whether a given piece of content is related to software architecture.

Evaluate whether the content explicitly discusses or relates to software architecture concepts, principles, or concerns. Your goal is to determine if the content is relevant to software architecture.

Data:

Content: o/sw/software/21.2/AnalysisBaseExternals/21.2.139/InstallArea/x86_64-centos7-gcc8-opt/lib/libXrdClient.so.2.0.0-rwxr-xr-x> 1 cvmfs cvmfs 42096 Sep 10 03:21 /cvmfs/atlas.cern.ch/repo/sw/software/21.2/AnalysisBaseExternals/21.2.139/InstallArea/x86_64-centos7-gcc8-opt/lib/libXrdClProxyPlugin-4.so; > lrwxrwxrwx 1 cvmfs cvmfs 13 Sep 10 13:12 /cvmfs/atlas.cern.ch/repo/sw/software/21.2/AnalysisBaseExternals/21.2.139/InstallArea/x86_64-centos7-gcc8-opt/lib/libXrdCl.so -> libXrdCl.so.2; > lrwxrwxrwx 1 cvmfs cvmfs 17 Sep 10 13:12 /cvmfs/atlas.cern.ch/repo/sw/software/21.2/AnalysisBaseExternals/21.2.139/InstallArea/x86_64-centos7-gcc8-opt/lib/libXrdCl.so.2 -> libXrdCl.so.2.0.0; > -rwxr-xr-x 1 cvmfs cvmfs 1416944 Sep 10 03:20 /cvmfs/atlas.cern.ch/repo/sw/software/21.2/AnalysisBaseExternals/21.2.139/InstallArea/x86_64-centos7-gcc8-opt/lib/libXrdCl.so.2.0.0; > lrwxrwxrwx 1 cvmfs cvmfs 21 Sep 10 13:12 /cvmfs/atlas.cern.ch/repo/sw/software/21.2/AnalysisBaseExternals/21.2.139/InstallArea/x86_64-centos7-gcc8-opt/lib/libXrdCryptoLite.so -> libXrdCryptoLite.so.1; > lrwxrwxrwx 1 cvmfs cvmfs 25 Sep 10 13:12 /cvmfs/atlas.cern.ch/repo/sw/software/21.2/AnalysisBaseExternals/21.2.139/InstallArea/x86_64-centos7-gcc8-opt/lib/libXrdCryptoLite.so.1 -> libXrdCryptoLite.so.1.0.0; > -rwxr-xr-x 1 cvmfs cvmfs 13632 Sep 10 03:19 /cvmfs/atlas.cern.ch/repo/sw/software/21.2/AnalysisBaseExternals/21.2.139/InstallArea/x86_64-centos7-gcc8-opt/lib/libXrdCryptoLite.so.1.0.0; > lrwxrwxrwx 1 cvmfs cvmfs 17 Sep 10 13:12 /cvmfs/atlas.cern.ch/repo/sw/software/21.2/AnalysisBaseExternals/21.2.139/InstallArea/x86_64-centos7-gcc8-opt/lib/libXrdCrypto.so -> libXrdCrypto.so.1; > lrwxrwxrwx 1 cvmfs cvmfs 21 Sep 10 13:12 /cvmfs/atlas.cern.ch/repo/sw/software/21.2/AnalysisBaseExternals/21.2.139/InstallArea/x86_64-centos7-gcc8-opt/lib/libXrdCrypto.so.1 -> libXrdCrypto.so.1.0.0; > -rwxr-xr-x 1 cvmfs cvmfs 129112 Sep 10 03:19 /cvmfs/atlas.cern.ch/repo/sw/software/21.2/AnalysisBaseExternals/21.2.139/InstallArea/x86_64-centos7-g
Instructions:

1. Analyze the content and determine whether it is discussing software architecture, including but not limited to:
    * Architectural patterns or styles (e.g., microservices, monolith, event-driven architecture).
    * Architectural decisions, trade-offs, or quality attributes (e.g., scalability, maintainability, performance).
    * High-level system structure, interactions, dependencies, or constraints.
2. If the content clearly pertains to software architecture, mark it as `related_to_architecture: true`.
3. If the content is general software development, code-level details, logs, or unrelated to architecture, mark it as `related_to_architecture: false`.
4. If the content includes partial architectural relevance but is mostly about implementation details, analyze whether the relevant part is strong enough to classify it as `related_to_architecture: true`.
5. Provide `related_to_architecture_reasoning` explaining why the content is classified as related on unrelated.
",,[WinError 10054] An existing connection was forcibly closed by the remote host
Deployability,od.; Running on sft-ubuntu-1604-4.cern.ch:/build/workspace/root-pullrequests-build; [See console output](https://lcgapp-services.cern.ch/root-jenkins/job/root-pullrequests-build/122181/console).; ### Errors:; - [2021-07-08T09:45:59.357Z] FAILED: /usr/bin/ccache /usr/bin/c++ -DVECCORE_ENABLE_VC -Iginclude -I/mnt/build/workspace/root-pullrequests-build/root/core/base/inc -I/mnt/build/workspace/root-pullrequests-build/root/core/foundation/inc -I/mnt/build/workspace/root-pullrequests-build/root/core/cont/inc -I/mnt/build/workspace/root-pullrequests-build/root/core/gui/inc -I/mnt/build/workspace/root-pullrequests-build/root/core/meta/inc -I/mnt/build/workspace/root-pullrequests-build/root/core/clib/inc -I/mnt/build/workspace/root-pullrequests-build/root/core/rint/inc -I/mnt/build/workspace/root-pullrequests-build/root/core/zip/inc -I/mnt/build/workspace/root-pullrequests-build/root/core/thread/inc -I/mnt/build/workspace/root-pullrequests-build/root/core/textinput/inc -I/mnt/build/workspace/root-pullrequests-build/root/core/clingutils/inc -I/mnt/build/workspace/root-pullrequests-build/root/core/base/v7/inc -I/mnt/build/workspace/root-pullrequests-build/root/core/foundation/v7/inc -I/mnt/build/workspace/root-pullrequests-build/root/core/unix/inc -I/mnt/build/workspace/root-pullrequests-build/root/math/mathcore/inc -I/mnt/build/workspace/root-pullrequests-build/root/math/mathcore/v7/inc -I/mnt/build/workspace/root-pullrequests-build/root/core/imt/inc -I/mnt/build/workspace/root-pullrequests-build/root/core/multiproc/inc -Iexternals/mnt/build/workspace/root-pullrequests-build/install/include -I/mnt/build/workspace/root-pullrequests-build/root/math/minuit/inc -I/mnt/build/workspace/root-pullrequests-build/root/math/matrix/inc -Imath/unuran/unuran-1.8.0-root -Imath/unuran/unuran-1.8.0-root/src -Imath/unuran/unuran-1.8.0-root/src/utils -I/mnt/build/workspace/root-pullrequests-build/root/math/unuran/inc -I/mnt/build/workspace/root-pullrequests-build/root/graf2d/gpad/inc -I/mnt/bu,install,MatchSource.ISSUE_COMMENT,root-project,root,v6-32-06,https://github.com/root-project/root/pull/8630#issuecomment-876296504:1632,install,1632,https://root.cern,https://github.com/root-project/root/pull/8630#issuecomment-876296504,1,['install'],['install'],"The capability of software to be deployed into an operational environment with predictable time and effort, including options for rollback if needed. Key aspects include automation, deployment speed, and deployment granularity.","
You are an expert in evaluating and categorizing quality attributes in software engineering. You possess the necessary skills to distinguish sentences that clearly relate to a given quality attribute from those that do not. 

Evaluate whether the content accurately aligns with its associated quality attribute, given the context provided. Your goal is to determine if the content makes sense in relation to the quality attribute description or if it is a false positive.

Data:

Quality Attribute: Deployability
Attribute Description: The capability of software to be deployed into an operational environment with predictable time and effort, including options for rollback if needed. Key aspects include automation, deployment speed, and deployment granularity.
Content: od.; Running on sft-ubuntu-1604-4.cern.ch:/build/workspace/root-pullrequests-build; [See console output](https://lcgapp-services.cern.ch/root-jenkins/job/root-pullrequests-build/122181/console).; ### Errors:; - [2021-07-08T09:45:59.357Z] FAILED: /usr/bin/ccache /usr/bin/c++ -DVECCORE_ENABLE_VC -Iginclude -I/mnt/build/workspace/root-pullrequests-build/root/core/base/inc -I/mnt/build/workspace/root-pullrequests-build/root/core/foundation/inc -I/mnt/build/workspace/root-pullrequests-build/root/core/cont/inc -I/mnt/build/workspace/root-pullrequests-build/root/core/gui/inc -I/mnt/build/workspace/root-pullrequests-build/root/core/meta/inc -I/mnt/build/workspace/root-pullrequests-build/root/core/clib/inc -I/mnt/build/workspace/root-pullrequests-build/root/core/rint/inc -I/mnt/build/workspace/root-pullrequests-build/root/core/zip/inc -I/mnt/build/workspace/root-pullrequests-build/root/core/thread/inc -I/mnt/build/workspace/root-pullrequests-build/root/core/textinput/inc -I/mnt/build/workspace/root-pullrequests-build/root/core/clingutils/inc -I/mnt/build/workspace/root-pullrequests-build/root/core/base/v7/inc -I/mnt/build/workspace/root-pullrequests-build/root/core/foundation/v7/inc -I/mnt/build/workspace/root-pullrequests-build/root/core/unix/inc -I/mnt/build/workspace/root-pullrequests-build/root/math/mathcore/inc -I/mnt/build/workspace/root-pullrequests-build/root/math/mathcore/v7/inc -I/mnt/build/workspace/root-pullrequests-build/root/core/imt/inc -I/mnt/build/workspace/root-pullrequests-build/root/core/multiproc/inc -Iexternals/mnt/build/workspace/root-pullrequests-build/install/include -I/mnt/build/workspace/root-pullrequests-build/root/math/minuit/inc -I/mnt/build/workspace/root-pullrequests-build/root/math/matrix/inc -Imath/unuran/unuran-1.8.0-root -Imath/unuran/unuran-1.8.0-root/src -Imath/unuran/unuran-1.8.0-root/src/utils -I/mnt/build/workspace/root-pullrequests-build/root/math/unuran/inc -I/mnt/build/workspace/root-pullrequests-build/root/graf2d/gpad/inc -I/mnt/bu

Instructions: 
1. Analyze the content and the attribute description.
2. Determine if the content accurately reflects the intended quality attribute in this context.
3. If it does, label it as `true_positive: true`; if not, mark it as a `true_positive: false`.
4. If the content consists only of logs with no other text, mark it as a `true_positive: false`. 
4. If the content partially consists of logs, focus on analyzing remaining text. 
5. Add `reasoning` why the content is a true or false positive.
",True,"The content presented appears to be console output from a build process, including error messages and paths. This aligns with Deployability as it relates to the deployment environment and build status.","
You are an expert in software architecture and software engineering. You have the necessary expertise to evaluate whether a given piece of content is related to software architecture.

Evaluate whether the content explicitly discusses or relates to software architecture concepts, principles, or concerns. Your goal is to determine if the content is relevant to software architecture.

Data:

Content: od.; Running on sft-ubuntu-1604-4.cern.ch:/build/workspace/root-pullrequests-build; [See console output](https://lcgapp-services.cern.ch/root-jenkins/job/root-pullrequests-build/122181/console).; ### Errors:; - [2021-07-08T09:45:59.357Z] FAILED: /usr/bin/ccache /usr/bin/c++ -DVECCORE_ENABLE_VC -Iginclude -I/mnt/build/workspace/root-pullrequests-build/root/core/base/inc -I/mnt/build/workspace/root-pullrequests-build/root/core/foundation/inc -I/mnt/build/workspace/root-pullrequests-build/root/core/cont/inc -I/mnt/build/workspace/root-pullrequests-build/root/core/gui/inc -I/mnt/build/workspace/root-pullrequests-build/root/core/meta/inc -I/mnt/build/workspace/root-pullrequests-build/root/core/clib/inc -I/mnt/build/workspace/root-pullrequests-build/root/core/rint/inc -I/mnt/build/workspace/root-pullrequests-build/root/core/zip/inc -I/mnt/build/workspace/root-pullrequests-build/root/core/thread/inc -I/mnt/build/workspace/root-pullrequests-build/root/core/textinput/inc -I/mnt/build/workspace/root-pullrequests-build/root/core/clingutils/inc -I/mnt/build/workspace/root-pullrequests-build/root/core/base/v7/inc -I/mnt/build/workspace/root-pullrequests-build/root/core/foundation/v7/inc -I/mnt/build/workspace/root-pullrequests-build/root/core/unix/inc -I/mnt/build/workspace/root-pullrequests-build/root/math/mathcore/inc -I/mnt/build/workspace/root-pullrequests-build/root/math/mathcore/v7/inc -I/mnt/build/workspace/root-pullrequests-build/root/core/imt/inc -I/mnt/build/workspace/root-pullrequests-build/root/core/multiproc/inc -Iexternals/mnt/build/workspace/root-pullrequests-build/install/include -I/mnt/build/workspace/root-pullrequests-build/root/math/minuit/inc -I/mnt/build/workspace/root-pullrequests-build/root/math/matrix/inc -Imath/unuran/unuran-1.8.0-root -Imath/unuran/unuran-1.8.0-root/src -Imath/unuran/unuran-1.8.0-root/src/utils -I/mnt/build/workspace/root-pullrequests-build/root/math/unuran/inc -I/mnt/build/workspace/root-pullrequests-build/root/graf2d/gpad/inc -I/mnt/bu
Instructions:

1. Analyze the content and determine whether it is discussing software architecture, including but not limited to:
    * Architectural patterns or styles (e.g., microservices, monolith, event-driven architecture).
    * Architectural decisions, trade-offs, or quality attributes (e.g., scalability, maintainability, performance).
    * High-level system structure, interactions, dependencies, or constraints.
2. If the content clearly pertains to software architecture, mark it as `related_to_architecture: true`.
3. If the content is general software development, code-level details, logs, or unrelated to architecture, mark it as `related_to_architecture: false`.
4. If the content includes partial architectural relevance but is mostly about implementation details, analyze whether the relevant part is strong enough to classify it as `related_to_architecture: true`.
5. Provide `related_to_architecture_reasoning` explaining why the content is classified as related on unrelated.
",,[WinError 10054] An existing connection was forcibly closed by the remote host
Deployability,"oductName:		macOS; ProductVersion:		14.7; BuildVersion:		23H124. + clang --version; Apple clang version 16.0.0 (clang-1600.0.26.3); Target: arm64-apple-darwin23.6.0; Thread model: posix; InstalledDir: /Applications/Xcode.app/Contents/Developer/Toolchains/XcodeDefault.xctoolchain/usr/bin; + ls -l /Library/Developer/CommandLineTools/SDKs/; total 0; lrwxr-xr-x 1 root wheel 14 Sep 18 14:57 MacOSX.sdk -> MacOSX15.0.sdk; drwxr-xr-x 7 root wheel 224 Jun 1 2023 MacOSX12.3.sdk; lrwxr-xr-x 1 root wheel 14 Jun 1 2023 MacOSX12.sdk -> MacOSX12.3.sdk; drwxr-xr-x 7 root wheel 224 Nov 12 2022 MacOSX13.1.sdk; drwxr-xr-x 7 root wheel 224 Sep 18 15:25 MacOSX14.5.sdk; lrwxr-xr-x 1 root wheel 14 Sep 18 14:57 MacOSX14.sdk -> MacOSX14.5.sdk; drwxr-xr-x 7 root wheel 224 Sep 18 15:25 MacOSX15.0.sdk; lrwxr-xr-x 1 root wheel 14 Sep 18 14:56 MacOSX15.sdk -> MacOSX15.0.sdk; + clang++ -x c++ /dev/null -E -v; Apple clang version 16.0.0 (clang-1600.0.26.3); Target: arm64-apple-darwin23.6.0; Thread model: posix; InstalledDir: /Applications/Xcode.app/Contents/Developer/Toolchains/XcodeDefault.xctoolchain/usr/bin; ignoring nonexistent directory ""/Applications/Xcode.app/Contents/Developer/Toolchains/XcodeDefault.xctoolchain/usr/bin/../include/c++/v1""; ""/Applications/Xcode.app/Contents/Developer/Toolchains/XcodeDefault.xctoolchain/usr/bin/clang"" -cc1 -triple arm64-apple-macosx14.0.0 -Wundef-prefix=TARGET_OS_ -Wdeprecated-objc-isa-usage -Werror=deprecated-objc-isa-usage -Werror=implicit-function-declaration -E -disable-free -clear-ast-before-backend -disable-llvm-verifier -discard-value-names -main-file-name null -mrelocation-model pic -pic-level 2 -mframe-pointer=non-leaf -fno-strict-return -ffp-contract=on -fno-rounding-math -funwind-tables=1 -fobjc-msgsend-selector-stubs -target-sdk-version=15.0 -fvisibility-inlines-hidden-static-local-var -fno-modulemap-allow-subdirectory-search -target-cpu apple-m1 -target-feature +v8.5a -target-feature +aes -target-feature +crc -target-feature +dotprod -target-fea",Install,MatchSource.ISSUE_COMMENT,root-project,root,v6-32-06,https://github.com/root-project/root/pull/16494#issuecomment-2375170248:1100,InstalledDir,1100,https://root.cern,https://github.com/root-project/root/pull/16494#issuecomment-2375170248,1,['Install'],['InstalledDir'],"The capability of software to be deployed into an operational environment with predictable time and effort, including options for rollback if needed. Key aspects include automation, deployment speed, and deployment granularity.","
You are an expert in evaluating and categorizing quality attributes in software engineering. You possess the necessary skills to distinguish sentences that clearly relate to a given quality attribute from those that do not. 

Evaluate whether the content accurately aligns with its associated quality attribute, given the context provided. Your goal is to determine if the content makes sense in relation to the quality attribute description or if it is a false positive.

Data:

Quality Attribute: Deployability
Attribute Description: The capability of software to be deployed into an operational environment with predictable time and effort, including options for rollback if needed. Key aspects include automation, deployment speed, and deployment granularity.
Content: oductName:		macOS; ProductVersion:		14.7; BuildVersion:		23H124. + clang --version; Apple clang version 16.0.0 (clang-1600.0.26.3); Target: arm64-apple-darwin23.6.0; Thread model: posix; InstalledDir: /Applications/Xcode.app/Contents/Developer/Toolchains/XcodeDefault.xctoolchain/usr/bin; + ls -l /Library/Developer/CommandLineTools/SDKs/; total 0; lrwxr-xr-x 1 root wheel 14 Sep 18 14:57 MacOSX.sdk -> MacOSX15.0.sdk; drwxr-xr-x 7 root wheel 224 Jun 1 2023 MacOSX12.3.sdk; lrwxr-xr-x 1 root wheel 14 Jun 1 2023 MacOSX12.sdk -> MacOSX12.3.sdk; drwxr-xr-x 7 root wheel 224 Nov 12 2022 MacOSX13.1.sdk; drwxr-xr-x 7 root wheel 224 Sep 18 15:25 MacOSX14.5.sdk; lrwxr-xr-x 1 root wheel 14 Sep 18 14:57 MacOSX14.sdk -> MacOSX14.5.sdk; drwxr-xr-x 7 root wheel 224 Sep 18 15:25 MacOSX15.0.sdk; lrwxr-xr-x 1 root wheel 14 Sep 18 14:56 MacOSX15.sdk -> MacOSX15.0.sdk; + clang++ -x c++ /dev/null -E -v; Apple clang version 16.0.0 (clang-1600.0.26.3); Target: arm64-apple-darwin23.6.0; Thread model: posix; InstalledDir: /Applications/Xcode.app/Contents/Developer/Toolchains/XcodeDefault.xctoolchain/usr/bin; ignoring nonexistent directory ""/Applications/Xcode.app/Contents/Developer/Toolchains/XcodeDefault.xctoolchain/usr/bin/../include/c++/v1""; ""/Applications/Xcode.app/Contents/Developer/Toolchains/XcodeDefault.xctoolchain/usr/bin/clang"" -cc1 -triple arm64-apple-macosx14.0.0 -Wundef-prefix=TARGET_OS_ -Wdeprecated-objc-isa-usage -Werror=deprecated-objc-isa-usage -Werror=implicit-function-declaration -E -disable-free -clear-ast-before-backend -disable-llvm-verifier -discard-value-names -main-file-name null -mrelocation-model pic -pic-level 2 -mframe-pointer=non-leaf -fno-strict-return -ffp-contract=on -fno-rounding-math -funwind-tables=1 -fobjc-msgsend-selector-stubs -target-sdk-version=15.0 -fvisibility-inlines-hidden-static-local-var -fno-modulemap-allow-subdirectory-search -target-cpu apple-m1 -target-feature +v8.5a -target-feature +aes -target-feature +crc -target-feature +dotprod -target-fea

Instructions: 
1. Analyze the content and the attribute description.
2. Determine if the content accurately reflects the intended quality attribute in this context.
3. If it does, label it as `true_positive: true`; if not, mark it as a `true_positive: false`.
4. If the content consists only of logs with no other text, mark it as a `true_positive: false`. 
4. If the content partially consists of logs, focus on analyzing remaining text. 
5. Add `reasoning` why the content is a true or false positive.
",True,"The content provided appears to be a series of shell commands and output related to building and checking the deployment environment for macOS. It includes information about SDK versions, toolchain locations, and compiler versions, which are relevant to the deployability of software as it relates to ensuring compatibility with the target operating system. The presence of specific version numbers and build information suggests that deployment considerations have been taken into account to ensure stability and proper functioning.","
You are an expert in software architecture and software engineering. You have the necessary expertise to evaluate whether a given piece of content is related to software architecture.

Evaluate whether the content explicitly discusses or relates to software architecture concepts, principles, or concerns. Your goal is to determine if the content is relevant to software architecture.

Data:

Content: oductName:		macOS; ProductVersion:		14.7; BuildVersion:		23H124. + clang --version; Apple clang version 16.0.0 (clang-1600.0.26.3); Target: arm64-apple-darwin23.6.0; Thread model: posix; InstalledDir: /Applications/Xcode.app/Contents/Developer/Toolchains/XcodeDefault.xctoolchain/usr/bin; + ls -l /Library/Developer/CommandLineTools/SDKs/; total 0; lrwxr-xr-x 1 root wheel 14 Sep 18 14:57 MacOSX.sdk -> MacOSX15.0.sdk; drwxr-xr-x 7 root wheel 224 Jun 1 2023 MacOSX12.3.sdk; lrwxr-xr-x 1 root wheel 14 Jun 1 2023 MacOSX12.sdk -> MacOSX12.3.sdk; drwxr-xr-x 7 root wheel 224 Nov 12 2022 MacOSX13.1.sdk; drwxr-xr-x 7 root wheel 224 Sep 18 15:25 MacOSX14.5.sdk; lrwxr-xr-x 1 root wheel 14 Sep 18 14:57 MacOSX14.sdk -> MacOSX14.5.sdk; drwxr-xr-x 7 root wheel 224 Sep 18 15:25 MacOSX15.0.sdk; lrwxr-xr-x 1 root wheel 14 Sep 18 14:56 MacOSX15.sdk -> MacOSX15.0.sdk; + clang++ -x c++ /dev/null -E -v; Apple clang version 16.0.0 (clang-1600.0.26.3); Target: arm64-apple-darwin23.6.0; Thread model: posix; InstalledDir: /Applications/Xcode.app/Contents/Developer/Toolchains/XcodeDefault.xctoolchain/usr/bin; ignoring nonexistent directory ""/Applications/Xcode.app/Contents/Developer/Toolchains/XcodeDefault.xctoolchain/usr/bin/../include/c++/v1""; ""/Applications/Xcode.app/Contents/Developer/Toolchains/XcodeDefault.xctoolchain/usr/bin/clang"" -cc1 -triple arm64-apple-macosx14.0.0 -Wundef-prefix=TARGET_OS_ -Wdeprecated-objc-isa-usage -Werror=deprecated-objc-isa-usage -Werror=implicit-function-declaration -E -disable-free -clear-ast-before-backend -disable-llvm-verifier -discard-value-names -main-file-name null -mrelocation-model pic -pic-level 2 -mframe-pointer=non-leaf -fno-strict-return -ffp-contract=on -fno-rounding-math -funwind-tables=1 -fobjc-msgsend-selector-stubs -target-sdk-version=15.0 -fvisibility-inlines-hidden-static-local-var -fno-modulemap-allow-subdirectory-search -target-cpu apple-m1 -target-feature +v8.5a -target-feature +aes -target-feature +crc -target-feature +dotprod -target-fea
Instructions:

1. Analyze the content and determine whether it is discussing software architecture, including but not limited to:
    * Architectural patterns or styles (e.g., microservices, monolith, event-driven architecture).
    * Architectural decisions, trade-offs, or quality attributes (e.g., scalability, maintainability, performance).
    * High-level system structure, interactions, dependencies, or constraints.
2. If the content clearly pertains to software architecture, mark it as `related_to_architecture: true`.
3. If the content is general software development, code-level details, logs, or unrelated to architecture, mark it as `related_to_architecture: false`.
4. If the content includes partial architectural relevance but is mostly about implementation details, analyze whether the relevant part is strong enough to classify it as `related_to_architecture: true`.
5. Provide `related_to_architecture_reasoning` explaining why the content is classified as related on unrelated.
",,[WinError 10054] An existing connection was forcibly closed by the remote host
Deployability,oft/releases/dev4cuda/tbb/2020_U1/x86_64-centos7-gcc8-opt/include;/build/lcgsoft/releases/dev4cuda/cuda/10.1/x86_64-centos7-gcc8-opt/include;/build/lcgsoft/releases/dev4cuda/cudnn/7.6.5.32/x86_64-centos7-gcc8-opt/include; TMVA INSTALL_RPATH = ; TMVA INSTALL_RPATH_USE_LINK_PATH = TRUE; TMVA INTERFACE_COMPILE_FEATURES = cxx_std_17; TMVA INTERFACE_INCLUDE_DIRECTORIES = $<BUILD_INTERFACE:/build/lcgsoft/root/tmva/tmva/inc>;$<INSTALL_INTERFACE:include>; TMVA INTERFACE_LINK_LIBRARIES = TreePlayer;Tree;Hist;Matrix;Minuit;MLP;MathCore;Core;RIO;XMLIO;ROOTDataFrame;ROOTVecOps;Imt; TMVA LIBRARY_OUTPUT_DIRECTORY = /build/lcgsoft/build/projects/ROOT-fix_cuda14/src/ROOT-fix_cuda14-build/lib; TMVA LINK_LIBRARIES = TreePlayer;Tree;Hist;Matrix;Minuit;MLP;MathCore;Core;RIO;XMLIO;ROOTDataFrame;ROOTVecOps;Imt;/build/lcgsoft/releases/dev4cuda/tbb/2020_U1/x86_64-centos7-gcc8-opt/lib/libtbb.so;/build/lcgsoft/releases/dev4cuda/blas/0.3.9.openblas/x86_64-centos7-gcc8-opt/lib64/libopenblas.so;/build/lcgsoft/releases/dev4cuda/cuda/10.1/x86_64-centos7-gcc8-opt/lib64/libcublas.so;/build/lcgsoft/releases/dev4cuda/cudnn/7.6.5.32/x86_64-centos7-gcc8-opt/lib64/libcudnn.so; TMVA MACOSX_RPATH = TRUE; TMVA MANUALLY_ADDED_DEPENDENCIES = move_headers; TMVA NAME = TMVA; TMVA OUTPUT_NAME = TMVA; TMVA POSITION_INDEPENDENT_CODE = True; TMVA PREFIX = lib; TMVA RUNTIME_OUTPUT_DIRECTORY = /build/lcgsoft/build/projects/ROOT-fix_cuda14/src/ROOT-fix_cuda14-build/bin; TMVA SKIP_BUILD_RPATH = FALSE; TMVA SOURCES = src/BDTEventWrapper.cxx;src/BinarySearchTree.cxx;src/BinarySearchTreeNode.cxx;src/BinaryTree.cxx;src/CCPruner.cxx;src/CCTreeWrapper.cxx;src/Classification.cxx;src/ClassifierFactory.cxx;src/ClassInfo.cxx;src/Config.cxx;src/Configurable.cxx;src/ConvergenceTest.cxx;src/CostComplexityPruneTool.cxx;src/CrossEntropy.cxx;src/CrossValidation.cxx;src/CvSplit.cxx;src/DataInputHandler.cxx;src/DataLoader.cxx;src/DataSet.cxx;src/DataSetFactory.cxx;src/DataSetInfo.cxx;src/DataSetManager.cxx;src/DecisionTree.cxx;src/Deci,release,MatchSource.ISSUE_COMMENT,root-project,root,v6-32-06,https://github.com/root-project/root/pull/5598#issuecomment-627404942:9421,releases,9421,https://root.cern,https://github.com/root-project/root/pull/5598#issuecomment-627404942,1,['release'],['releases'],"The capability of software to be deployed into an operational environment with predictable time and effort, including options for rollback if needed. Key aspects include automation, deployment speed, and deployment granularity.","
You are an expert in evaluating and categorizing quality attributes in software engineering. You possess the necessary skills to distinguish sentences that clearly relate to a given quality attribute from those that do not. 

Evaluate whether the content accurately aligns with its associated quality attribute, given the context provided. Your goal is to determine if the content makes sense in relation to the quality attribute description or if it is a false positive.

Data:

Quality Attribute: Deployability
Attribute Description: The capability of software to be deployed into an operational environment with predictable time and effort, including options for rollback if needed. Key aspects include automation, deployment speed, and deployment granularity.
Content: oft/releases/dev4cuda/tbb/2020_U1/x86_64-centos7-gcc8-opt/include;/build/lcgsoft/releases/dev4cuda/cuda/10.1/x86_64-centos7-gcc8-opt/include;/build/lcgsoft/releases/dev4cuda/cudnn/7.6.5.32/x86_64-centos7-gcc8-opt/include; TMVA INSTALL_RPATH = ; TMVA INSTALL_RPATH_USE_LINK_PATH = TRUE; TMVA INTERFACE_COMPILE_FEATURES = cxx_std_17; TMVA INTERFACE_INCLUDE_DIRECTORIES = $<BUILD_INTERFACE:/build/lcgsoft/root/tmva/tmva/inc>;$<INSTALL_INTERFACE:include>; TMVA INTERFACE_LINK_LIBRARIES = TreePlayer;Tree;Hist;Matrix;Minuit;MLP;MathCore;Core;RIO;XMLIO;ROOTDataFrame;ROOTVecOps;Imt; TMVA LIBRARY_OUTPUT_DIRECTORY = /build/lcgsoft/build/projects/ROOT-fix_cuda14/src/ROOT-fix_cuda14-build/lib; TMVA LINK_LIBRARIES = TreePlayer;Tree;Hist;Matrix;Minuit;MLP;MathCore;Core;RIO;XMLIO;ROOTDataFrame;ROOTVecOps;Imt;/build/lcgsoft/releases/dev4cuda/tbb/2020_U1/x86_64-centos7-gcc8-opt/lib/libtbb.so;/build/lcgsoft/releases/dev4cuda/blas/0.3.9.openblas/x86_64-centos7-gcc8-opt/lib64/libopenblas.so;/build/lcgsoft/releases/dev4cuda/cuda/10.1/x86_64-centos7-gcc8-opt/lib64/libcublas.so;/build/lcgsoft/releases/dev4cuda/cudnn/7.6.5.32/x86_64-centos7-gcc8-opt/lib64/libcudnn.so; TMVA MACOSX_RPATH = TRUE; TMVA MANUALLY_ADDED_DEPENDENCIES = move_headers; TMVA NAME = TMVA; TMVA OUTPUT_NAME = TMVA; TMVA POSITION_INDEPENDENT_CODE = True; TMVA PREFIX = lib; TMVA RUNTIME_OUTPUT_DIRECTORY = /build/lcgsoft/build/projects/ROOT-fix_cuda14/src/ROOT-fix_cuda14-build/bin; TMVA SKIP_BUILD_RPATH = FALSE; TMVA SOURCES = src/BDTEventWrapper.cxx;src/BinarySearchTree.cxx;src/BinarySearchTreeNode.cxx;src/BinaryTree.cxx;src/CCPruner.cxx;src/CCTreeWrapper.cxx;src/Classification.cxx;src/ClassifierFactory.cxx;src/ClassInfo.cxx;src/Config.cxx;src/Configurable.cxx;src/ConvergenceTest.cxx;src/CostComplexityPruneTool.cxx;src/CrossEntropy.cxx;src/CrossValidation.cxx;src/CvSplit.cxx;src/DataInputHandler.cxx;src/DataLoader.cxx;src/DataSet.cxx;src/DataSetFactory.cxx;src/DataSetInfo.cxx;src/DataSetManager.cxx;src/DecisionTree.cxx;src/Deci

Instructions: 
1. Analyze the content and the attribute description.
2. Determine if the content accurately reflects the intended quality attribute in this context.
3. If it does, label it as `true_positive: true`; if not, mark it as a `true_positive: false`.
4. If the content consists only of logs with no other text, mark it as a `true_positive: false`. 
4. If the content partially consists of logs, focus on analyzing remaining text. 
5. Add `reasoning` why the content is a true or false positive.
",True,"The content provided consists of configuration settings and paths related to building and linking libraries in a software project. It mentions TMVA (a tool for multivariate analysis) and includes paths to various library directories, compiler flags, and linkage specifications. While not directly discussing deployment, it does involve the setup necessary for the software to be compiled and built, which is part of the deployability process. Specifically, deployability involves ensuring that the software can be deployed with predictable effort, which includes proper configuration and setup. The mention of 'INSTALL_RPATH' and 'INTERFACE_INCLUDE_DIRECTORIES' suggests that deployment configurations are being set up, even if they aren't explicitly discussing runtime deployment steps. Therefore, this content is relevant to deployability.","
You are an expert in software architecture and software engineering. You have the necessary expertise to evaluate whether a given piece of content is related to software architecture.

Evaluate whether the content explicitly discusses or relates to software architecture concepts, principles, or concerns. Your goal is to determine if the content is relevant to software architecture.

Data:

Content: oft/releases/dev4cuda/tbb/2020_U1/x86_64-centos7-gcc8-opt/include;/build/lcgsoft/releases/dev4cuda/cuda/10.1/x86_64-centos7-gcc8-opt/include;/build/lcgsoft/releases/dev4cuda/cudnn/7.6.5.32/x86_64-centos7-gcc8-opt/include; TMVA INSTALL_RPATH = ; TMVA INSTALL_RPATH_USE_LINK_PATH = TRUE; TMVA INTERFACE_COMPILE_FEATURES = cxx_std_17; TMVA INTERFACE_INCLUDE_DIRECTORIES = $<BUILD_INTERFACE:/build/lcgsoft/root/tmva/tmva/inc>;$<INSTALL_INTERFACE:include>; TMVA INTERFACE_LINK_LIBRARIES = TreePlayer;Tree;Hist;Matrix;Minuit;MLP;MathCore;Core;RIO;XMLIO;ROOTDataFrame;ROOTVecOps;Imt; TMVA LIBRARY_OUTPUT_DIRECTORY = /build/lcgsoft/build/projects/ROOT-fix_cuda14/src/ROOT-fix_cuda14-build/lib; TMVA LINK_LIBRARIES = TreePlayer;Tree;Hist;Matrix;Minuit;MLP;MathCore;Core;RIO;XMLIO;ROOTDataFrame;ROOTVecOps;Imt;/build/lcgsoft/releases/dev4cuda/tbb/2020_U1/x86_64-centos7-gcc8-opt/lib/libtbb.so;/build/lcgsoft/releases/dev4cuda/blas/0.3.9.openblas/x86_64-centos7-gcc8-opt/lib64/libopenblas.so;/build/lcgsoft/releases/dev4cuda/cuda/10.1/x86_64-centos7-gcc8-opt/lib64/libcublas.so;/build/lcgsoft/releases/dev4cuda/cudnn/7.6.5.32/x86_64-centos7-gcc8-opt/lib64/libcudnn.so; TMVA MACOSX_RPATH = TRUE; TMVA MANUALLY_ADDED_DEPENDENCIES = move_headers; TMVA NAME = TMVA; TMVA OUTPUT_NAME = TMVA; TMVA POSITION_INDEPENDENT_CODE = True; TMVA PREFIX = lib; TMVA RUNTIME_OUTPUT_DIRECTORY = /build/lcgsoft/build/projects/ROOT-fix_cuda14/src/ROOT-fix_cuda14-build/bin; TMVA SKIP_BUILD_RPATH = FALSE; TMVA SOURCES = src/BDTEventWrapper.cxx;src/BinarySearchTree.cxx;src/BinarySearchTreeNode.cxx;src/BinaryTree.cxx;src/CCPruner.cxx;src/CCTreeWrapper.cxx;src/Classification.cxx;src/ClassifierFactory.cxx;src/ClassInfo.cxx;src/Config.cxx;src/Configurable.cxx;src/ConvergenceTest.cxx;src/CostComplexityPruneTool.cxx;src/CrossEntropy.cxx;src/CrossValidation.cxx;src/CvSplit.cxx;src/DataInputHandler.cxx;src/DataLoader.cxx;src/DataSet.cxx;src/DataSetFactory.cxx;src/DataSetInfo.cxx;src/DataSetManager.cxx;src/DecisionTree.cxx;src/Deci
Instructions:

1. Analyze the content and determine whether it is discussing software architecture, including but not limited to:
    * Architectural patterns or styles (e.g., microservices, monolith, event-driven architecture).
    * Architectural decisions, trade-offs, or quality attributes (e.g., scalability, maintainability, performance).
    * High-level system structure, interactions, dependencies, or constraints.
2. If the content clearly pertains to software architecture, mark it as `related_to_architecture: true`.
3. If the content is general software development, code-level details, logs, or unrelated to architecture, mark it as `related_to_architecture: false`.
4. If the content includes partial architectural relevance but is mostly about implementation details, analyze whether the relevant part is strong enough to classify it as `related_to_architecture: true`.
5. Provide `related_to_architecture_reasoning` explaining why the content is classified as related on unrelated.
",,[WinError 10054] An existing connection was forcibly closed by the remote host
Deployability,ogletest/include/gtest/gtest.h:1527:11: error: no match for ‘operator==’ (operand types are ‘const unsigned int’ and ‘const ROOT::TNumSlots’) ; - [2020-05-19T12:48:54.041Z] FAILED: /usr/bin/ccache /usr/bin/c++ -DVECCORE_ENABLE_VC -Iginclude -I/mnt/build/workspace/root-pullrequests-build/root/core/base/inc -I/mnt/build/workspace/root-pullrequests-build/root/core/foundation/inc -I/mnt/build/workspace/root-pullrequests-build/root/core/cont/inc -I/mnt/build/workspace/root-pullrequests-build/root/core/gui/inc -I/mnt/build/workspace/root-pullrequests-build/root/core/meta/inc -I/mnt/build/workspace/root-pullrequests-build/root/core/clib/inc -I/mnt/build/workspace/root-pullrequests-build/root/core/rint/inc -I/mnt/build/workspace/root-pullrequests-build/root/core/zip/inc -I/mnt/build/workspace/root-pullrequests-build/root/core/thread/inc -I/mnt/build/workspace/root-pullrequests-build/root/core/textinput/inc -I/mnt/build/workspace/root-pullrequests-build/root/core/clingutils/inc -I/mnt/build/workspace/root-pullrequests-build/root/core/unix/inc -I/mnt/build/workspace/root-pullrequests-build/root/hist/hist/inc -I/mnt/build/workspace/root-pullrequests-build/root/math/mathcore/inc -I/mnt/build/workspace/root-pullrequests-build/root/math/mathcore/v7/inc -I/mnt/build/workspace/root-pullrequests-build/root/core/imt/inc -Iexternals/mnt/build/workspace/root-pullrequests-build/install/include -I/mnt/build/workspace/root-pullrequests-build/root/math/matrix/inc -Icore/thread/test -I/mnt/build/workspace/root-pullrequests-build/root/io/io/inc -isystem googletest-prefix/src/googletest/googletest/include -isystem googletest-prefix/src/googletest/googlemock/include -UNDEBUG -std=c++11 -pipe -Wshadow -Wall -W -Woverloaded-virtual -fsigned-char -pthread -O3 -DNDEBUG -std=c++11 -MD -MT core/thread/test/CMakeFiles/corethreadtestUnit.dir/testTThreadedObject.cxx.o -MF core/thread/test/CMakeFiles/corethreadtestUnit.dir/testTThreadedObject.cxx.o.d -o core/thread/test/CMakeFiles/corethreadtestUnit.dir/,install,MatchSource.ISSUE_COMMENT,root-project,root,v6-32-06,https://github.com/root-project/root/pull/5650#issuecomment-630794772:3837,install,3837,https://root.cern,https://github.com/root-project/root/pull/5650#issuecomment-630794772,1,['install'],['install'],"The capability of software to be deployed into an operational environment with predictable time and effort, including options for rollback if needed. Key aspects include automation, deployment speed, and deployment granularity.","
You are an expert in evaluating and categorizing quality attributes in software engineering. You possess the necessary skills to distinguish sentences that clearly relate to a given quality attribute from those that do not. 

Evaluate whether the content accurately aligns with its associated quality attribute, given the context provided. Your goal is to determine if the content makes sense in relation to the quality attribute description or if it is a false positive.

Data:

Quality Attribute: Deployability
Attribute Description: The capability of software to be deployed into an operational environment with predictable time and effort, including options for rollback if needed. Key aspects include automation, deployment speed, and deployment granularity.
Content: ogletest/include/gtest/gtest.h:1527:11: error: no match for ‘operator==’ (operand types are ‘const unsigned int’ and ‘const ROOT::TNumSlots’) ; - [2020-05-19T12:48:54.041Z] FAILED: /usr/bin/ccache /usr/bin/c++ -DVECCORE_ENABLE_VC -Iginclude -I/mnt/build/workspace/root-pullrequests-build/root/core/base/inc -I/mnt/build/workspace/root-pullrequests-build/root/core/foundation/inc -I/mnt/build/workspace/root-pullrequests-build/root/core/cont/inc -I/mnt/build/workspace/root-pullrequests-build/root/core/gui/inc -I/mnt/build/workspace/root-pullrequests-build/root/core/meta/inc -I/mnt/build/workspace/root-pullrequests-build/root/core/clib/inc -I/mnt/build/workspace/root-pullrequests-build/root/core/rint/inc -I/mnt/build/workspace/root-pullrequests-build/root/core/zip/inc -I/mnt/build/workspace/root-pullrequests-build/root/core/thread/inc -I/mnt/build/workspace/root-pullrequests-build/root/core/textinput/inc -I/mnt/build/workspace/root-pullrequests-build/root/core/clingutils/inc -I/mnt/build/workspace/root-pullrequests-build/root/core/unix/inc -I/mnt/build/workspace/root-pullrequests-build/root/hist/hist/inc -I/mnt/build/workspace/root-pullrequests-build/root/math/mathcore/inc -I/mnt/build/workspace/root-pullrequests-build/root/math/mathcore/v7/inc -I/mnt/build/workspace/root-pullrequests-build/root/core/imt/inc -Iexternals/mnt/build/workspace/root-pullrequests-build/install/include -I/mnt/build/workspace/root-pullrequests-build/root/math/matrix/inc -Icore/thread/test -I/mnt/build/workspace/root-pullrequests-build/root/io/io/inc -isystem googletest-prefix/src/googletest/googletest/include -isystem googletest-prefix/src/googletest/googlemock/include -UNDEBUG -std=c++11 -pipe -Wshadow -Wall -W -Woverloaded-virtual -fsigned-char -pthread -O3 -DNDEBUG -std=c++11 -MD -MT core/thread/test/CMakeFiles/corethreadtestUnit.dir/testTThreadedObject.cxx.o -MF core/thread/test/CMakeFiles/corethreadtestUnit.dir/testTThreadedObject.cxx.o.d -o core/thread/test/CMakeFiles/corethreadtestUnit.dir/

Instructions: 
1. Analyze the content and the attribute description.
2. Determine if the content accurately reflects the intended quality attribute in this context.
3. If it does, label it as `true_positive: true`; if not, mark it as a `true_positive: false`.
4. If the content consists only of logs with no other text, mark it as a `true_positive: false`. 
4. If the content partially consists of logs, focus on analyzing remaining text. 
5. Add `reasoning` why the content is a true or false positive.
",True,"The content provided is a build error log from a compiler. It indicates that there's a mismatch in types during a comparison (‘const unsigned int’ vs ‘const ROOT::TNumSlots’). This relates to deployment issues, specifically the compile phase, which can affect deployability. Therefore, it accurately reflects the Deployability quality attribute in this context.","
You are an expert in software architecture and software engineering. You have the necessary expertise to evaluate whether a given piece of content is related to software architecture.

Evaluate whether the content explicitly discusses or relates to software architecture concepts, principles, or concerns. Your goal is to determine if the content is relevant to software architecture.

Data:

Content: ogletest/include/gtest/gtest.h:1527:11: error: no match for ‘operator==’ (operand types are ‘const unsigned int’ and ‘const ROOT::TNumSlots’) ; - [2020-05-19T12:48:54.041Z] FAILED: /usr/bin/ccache /usr/bin/c++ -DVECCORE_ENABLE_VC -Iginclude -I/mnt/build/workspace/root-pullrequests-build/root/core/base/inc -I/mnt/build/workspace/root-pullrequests-build/root/core/foundation/inc -I/mnt/build/workspace/root-pullrequests-build/root/core/cont/inc -I/mnt/build/workspace/root-pullrequests-build/root/core/gui/inc -I/mnt/build/workspace/root-pullrequests-build/root/core/meta/inc -I/mnt/build/workspace/root-pullrequests-build/root/core/clib/inc -I/mnt/build/workspace/root-pullrequests-build/root/core/rint/inc -I/mnt/build/workspace/root-pullrequests-build/root/core/zip/inc -I/mnt/build/workspace/root-pullrequests-build/root/core/thread/inc -I/mnt/build/workspace/root-pullrequests-build/root/core/textinput/inc -I/mnt/build/workspace/root-pullrequests-build/root/core/clingutils/inc -I/mnt/build/workspace/root-pullrequests-build/root/core/unix/inc -I/mnt/build/workspace/root-pullrequests-build/root/hist/hist/inc -I/mnt/build/workspace/root-pullrequests-build/root/math/mathcore/inc -I/mnt/build/workspace/root-pullrequests-build/root/math/mathcore/v7/inc -I/mnt/build/workspace/root-pullrequests-build/root/core/imt/inc -Iexternals/mnt/build/workspace/root-pullrequests-build/install/include -I/mnt/build/workspace/root-pullrequests-build/root/math/matrix/inc -Icore/thread/test -I/mnt/build/workspace/root-pullrequests-build/root/io/io/inc -isystem googletest-prefix/src/googletest/googletest/include -isystem googletest-prefix/src/googletest/googlemock/include -UNDEBUG -std=c++11 -pipe -Wshadow -Wall -W -Woverloaded-virtual -fsigned-char -pthread -O3 -DNDEBUG -std=c++11 -MD -MT core/thread/test/CMakeFiles/corethreadtestUnit.dir/testTThreadedObject.cxx.o -MF core/thread/test/CMakeFiles/corethreadtestUnit.dir/testTThreadedObject.cxx.o.d -o core/thread/test/CMakeFiles/corethreadtestUnit.dir/
Instructions:

1. Analyze the content and determine whether it is discussing software architecture, including but not limited to:
    * Architectural patterns or styles (e.g., microservices, monolith, event-driven architecture).
    * Architectural decisions, trade-offs, or quality attributes (e.g., scalability, maintainability, performance).
    * High-level system structure, interactions, dependencies, or constraints.
2. If the content clearly pertains to software architecture, mark it as `related_to_architecture: true`.
3. If the content is general software development, code-level details, logs, or unrelated to architecture, mark it as `related_to_architecture: false`.
4. If the content includes partial architectural relevance but is mostly about implementation details, analyze whether the relevant part is strong enough to classify it as `related_to_architecture: true`.
5. Provide `related_to_architecture_reasoning` explaining why the content is classified as related on unrelated.
",,[WinError 10054] An existing connection was forcibly closed by the remote host
Deployability,"ok, that makes sense. For now I'm happy to use the web viewer as a workaround, but will this be fixed in new releases? I'd prefer to keep using a precompiled version rather than risk problems in compiling it myself",release,MatchSource.ISSUE_COMMENT,root-project,root,v6-32-06,https://github.com/root-project/root/pull/13885#issuecomment-1770996104:109,releases,109,https://root.cern,https://github.com/root-project/root/pull/13885#issuecomment-1770996104,1,['release'],['releases'],"The capability of software to be deployed into an operational environment with predictable time and effort, including options for rollback if needed. Key aspects include automation, deployment speed, and deployment granularity.","
You are an expert in evaluating and categorizing quality attributes in software engineering. You possess the necessary skills to distinguish sentences that clearly relate to a given quality attribute from those that do not. 

Evaluate whether the content accurately aligns with its associated quality attribute, given the context provided. Your goal is to determine if the content makes sense in relation to the quality attribute description or if it is a false positive.

Data:

Quality Attribute: Deployability
Attribute Description: The capability of software to be deployed into an operational environment with predictable time and effort, including options for rollback if needed. Key aspects include automation, deployment speed, and deployment granularity.
Content: ok, that makes sense. For now I'm happy to use the web viewer as a workaround, but will this be fixed in new releases? I'd prefer to keep using a precompiled version rather than risk problems in compiling it myself

Instructions: 
1. Analyze the content and the attribute description.
2. Determine if the content accurately reflects the intended quality attribute in this context.
3. If it does, label it as `true_positive: true`; if not, mark it as a `true_positive: false`.
4. If the content consists only of logs with no other text, mark it as a `true_positive: false`. 
4. If the content partially consists of logs, focus on analyzing remaining text. 
5. Add `reasoning` why the content is a true or false positive.
",True,"The user is discussing deployment options, specifically preferring to use precompiled versions over compiling themselves, which relates to deployability as it involves getting the software into an operational environment with predictable time and effort.","
You are an expert in software architecture and software engineering. You have the necessary expertise to evaluate whether a given piece of content is related to software architecture.

Evaluate whether the content explicitly discusses or relates to software architecture concepts, principles, or concerns. Your goal is to determine if the content is relevant to software architecture.

Data:

Content: ok, that makes sense. For now I'm happy to use the web viewer as a workaround, but will this be fixed in new releases? I'd prefer to keep using a precompiled version rather than risk problems in compiling it myself
Instructions:

1. Analyze the content and determine whether it is discussing software architecture, including but not limited to:
    * Architectural patterns or styles (e.g., microservices, monolith, event-driven architecture).
    * Architectural decisions, trade-offs, or quality attributes (e.g., scalability, maintainability, performance).
    * High-level system structure, interactions, dependencies, or constraints.
2. If the content clearly pertains to software architecture, mark it as `related_to_architecture: true`.
3. If the content is general software development, code-level details, logs, or unrelated to architecture, mark it as `related_to_architecture: false`.
4. If the content includes partial architectural relevance but is mostly about implementation details, analyze whether the relevant part is strong enough to classify it as `related_to_architecture: true`.
5. Provide `related_to_architecture_reasoning` explaining why the content is classified as related on unrelated.
",,[WinError 10054] An existing connection was forcibly closed by the remote host
Deployability,"on.exe^C:/Users/sftnight/git/master/tutorials/launcher.py^C:/Users/sftnight/git/master/tutorials/dataframe/df001_introduction.py"" ""-DSYS=C:/Users/sftnight/build/release"" ""-DENV=ROOTSYS=C:/Users/sftnight/build/release#PYTHONPATH=C:/Users/sftnight/build/release/bin"" ""-P"" ""C:/Users/sftnight/build/release/RootTestDriver.cmake""; 878: Environment variables:; 878: ROOT_HIST=0; 878: Test timeout computed to be: 1500; 878: CMake Error at C:/Users/sftnight/build/release/RootTestDriver.cmake:237 (message):; 878: error code: -529697949; 878:; 878:; 1/16 Test #878: tutorial-dataframe-df001_introduction-py .................***Failed 5.63 sec; test 879; Start 879: tutorial-dataframe-df002_dataModel-py. 879: Test command: ""C:\Program Files\CMake\bin\cmake.exe"" ""-DCMD=C:/Python38-32/python.exe^C:/Users/sftnight/git/master/tutorials/launcher.py^C:/Users/sftnight/git/master/tutorials/dataframe/df002_dataModel.py"" ""-DSYS=C:/Users/sftnight/build/release"" ""-DENV=ROOTSYS=C:/Users/sftnight/build/release#PYTHONPATH=C:/Users/sftnight/build/release/bin"" ""-P"" ""C:/Users/sftnight/build/release/RootTestDriver.cmake""; 879: Environment variables:; 879: ROOT_HIST=0; 879: Test timeout computed to be: 1500; 879: Error in <TChain::LoadTree>: Cannot find tree with name in file df002_dataModel_py.root; 879: CMake Error at C:/Users/sftnight/build/release/RootTestDriver.cmake:237 (message):; 879: error code: -529697949; 879:; 879:; 2/16 Test #879: tutorial-dataframe-df002_dataModel-py ....................***Failed Error regular expression found in output. Regex=[Error in] 8.04 sec; test 880; Start 880: tutorial-dataframe-df003_profiles-py. 880: Test command: ""C:\Program Files\CMake\bin\cmake.exe"" ""-DCMD=C:/Python38-32/python.exe^C:/Users/sftnight/git/master/tutorials/launcher.py^C:/Users/sftnight/git/master/tutorials/dataframe/df003_profiles.py"" ""-DSYS=C:/Users/sftnight/build/release"" ""-DENV=ROOTSYS=C:/Users/sftnight/build/release#PYTHONPATH=C:/Users/sftnight/build/release/bin"" ""-P"" ""C:/Users/sftnight/buil",release,MatchSource.ISSUE_COMMENT,root-project,root,v6-32-06,https://github.com/root-project/root/pull/6083#issuecomment-665456331:1184,release,1184,https://root.cern,https://github.com/root-project/root/pull/6083#issuecomment-665456331,4,['release'],['release'],"The capability of software to be deployed into an operational environment with predictable time and effort, including options for rollback if needed. Key aspects include automation, deployment speed, and deployment granularity.","
You are an expert in evaluating and categorizing quality attributes in software engineering. You possess the necessary skills to distinguish sentences that clearly relate to a given quality attribute from those that do not. 

Evaluate whether the content accurately aligns with its associated quality attribute, given the context provided. Your goal is to determine if the content makes sense in relation to the quality attribute description or if it is a false positive.

Data:

Quality Attribute: Deployability
Attribute Description: The capability of software to be deployed into an operational environment with predictable time and effort, including options for rollback if needed. Key aspects include automation, deployment speed, and deployment granularity.
Content: on.exe^C:/Users/sftnight/git/master/tutorials/launcher.py^C:/Users/sftnight/git/master/tutorials/dataframe/df001_introduction.py"" ""-DSYS=C:/Users/sftnight/build/release"" ""-DENV=ROOTSYS=C:/Users/sftnight/build/release#PYTHONPATH=C:/Users/sftnight/build/release/bin"" ""-P"" ""C:/Users/sftnight/build/release/RootTestDriver.cmake""; 878: Environment variables:; 878: ROOT_HIST=0; 878: Test timeout computed to be: 1500; 878: CMake Error at C:/Users/sftnight/build/release/RootTestDriver.cmake:237 (message):; 878: error code: -529697949; 878:; 878:; 1/16 Test #878: tutorial-dataframe-df001_introduction-py .................***Failed 5.63 sec; test 879; Start 879: tutorial-dataframe-df002_dataModel-py. 879: Test command: ""C:\Program Files\CMake\bin\cmake.exe"" ""-DCMD=C:/Python38-32/python.exe^C:/Users/sftnight/git/master/tutorials/launcher.py^C:/Users/sftnight/git/master/tutorials/dataframe/df002_dataModel.py"" ""-DSYS=C:/Users/sftnight/build/release"" ""-DENV=ROOTSYS=C:/Users/sftnight/build/release#PYTHONPATH=C:/Users/sftnight/build/release/bin"" ""-P"" ""C:/Users/sftnight/build/release/RootTestDriver.cmake""; 879: Environment variables:; 879: ROOT_HIST=0; 879: Test timeout computed to be: 1500; 879: Error in <TChain::LoadTree>: Cannot find tree with name in file df002_dataModel_py.root; 879: CMake Error at C:/Users/sftnight/build/release/RootTestDriver.cmake:237 (message):; 879: error code: -529697949; 879:; 879:; 2/16 Test #879: tutorial-dataframe-df002_dataModel-py ....................***Failed Error regular expression found in output. Regex=[Error in] 8.04 sec; test 880; Start 880: tutorial-dataframe-df003_profiles-py. 880: Test command: ""C:\Program Files\CMake\bin\cmake.exe"" ""-DCMD=C:/Python38-32/python.exe^C:/Users/sftnight/git/master/tutorials/launcher.py^C:/Users/sftnight/git/master/tutorials/dataframe/df003_profiles.py"" ""-DSYS=C:/Users/sftnight/build/release"" ""-DENV=ROOTSYS=C:/Users/sftnight/build/release#PYTHONPATH=C:/Users/sftnight/build/release/bin"" ""-P"" ""C:/Users/sftnight/buil

Instructions: 
1. Analyze the content and the attribute description.
2. Determine if the content accurately reflects the intended quality attribute in this context.
3. If it does, label it as `true_positive: true`; if not, mark it as a `true_positive: false`.
4. If the content consists only of logs with no other text, mark it as a `true_positive: false`. 
4. If the content partially consists of logs, focus on analyzing remaining text. 
5. Add `reasoning` why the content is a true or false positive.
",True,"The provided content appears to be log output from a test execution. It includes error messages related to CMake and Python scripts, such as 'CMake Error' and 'Test timeout computed to be: 1500'. These logs indicate issues during the build or test process, which align with deployability concerns, specifically automation failures or deployment speed problems. Therefore, this content accurately reflects issues related to deployability.","
You are an expert in software architecture and software engineering. You have the necessary expertise to evaluate whether a given piece of content is related to software architecture.

Evaluate whether the content explicitly discusses or relates to software architecture concepts, principles, or concerns. Your goal is to determine if the content is relevant to software architecture.

Data:

Content: on.exe^C:/Users/sftnight/git/master/tutorials/launcher.py^C:/Users/sftnight/git/master/tutorials/dataframe/df001_introduction.py"" ""-DSYS=C:/Users/sftnight/build/release"" ""-DENV=ROOTSYS=C:/Users/sftnight/build/release#PYTHONPATH=C:/Users/sftnight/build/release/bin"" ""-P"" ""C:/Users/sftnight/build/release/RootTestDriver.cmake""; 878: Environment variables:; 878: ROOT_HIST=0; 878: Test timeout computed to be: 1500; 878: CMake Error at C:/Users/sftnight/build/release/RootTestDriver.cmake:237 (message):; 878: error code: -529697949; 878:; 878:; 1/16 Test #878: tutorial-dataframe-df001_introduction-py .................***Failed 5.63 sec; test 879; Start 879: tutorial-dataframe-df002_dataModel-py. 879: Test command: ""C:\Program Files\CMake\bin\cmake.exe"" ""-DCMD=C:/Python38-32/python.exe^C:/Users/sftnight/git/master/tutorials/launcher.py^C:/Users/sftnight/git/master/tutorials/dataframe/df002_dataModel.py"" ""-DSYS=C:/Users/sftnight/build/release"" ""-DENV=ROOTSYS=C:/Users/sftnight/build/release#PYTHONPATH=C:/Users/sftnight/build/release/bin"" ""-P"" ""C:/Users/sftnight/build/release/RootTestDriver.cmake""; 879: Environment variables:; 879: ROOT_HIST=0; 879: Test timeout computed to be: 1500; 879: Error in <TChain::LoadTree>: Cannot find tree with name in file df002_dataModel_py.root; 879: CMake Error at C:/Users/sftnight/build/release/RootTestDriver.cmake:237 (message):; 879: error code: -529697949; 879:; 879:; 2/16 Test #879: tutorial-dataframe-df002_dataModel-py ....................***Failed Error regular expression found in output. Regex=[Error in] 8.04 sec; test 880; Start 880: tutorial-dataframe-df003_profiles-py. 880: Test command: ""C:\Program Files\CMake\bin\cmake.exe"" ""-DCMD=C:/Python38-32/python.exe^C:/Users/sftnight/git/master/tutorials/launcher.py^C:/Users/sftnight/git/master/tutorials/dataframe/df003_profiles.py"" ""-DSYS=C:/Users/sftnight/build/release"" ""-DENV=ROOTSYS=C:/Users/sftnight/build/release#PYTHONPATH=C:/Users/sftnight/build/release/bin"" ""-P"" ""C:/Users/sftnight/buil
Instructions:

1. Analyze the content and determine whether it is discussing software architecture, including but not limited to:
    * Architectural patterns or styles (e.g., microservices, monolith, event-driven architecture).
    * Architectural decisions, trade-offs, or quality attributes (e.g., scalability, maintainability, performance).
    * High-level system structure, interactions, dependencies, or constraints.
2. If the content clearly pertains to software architecture, mark it as `related_to_architecture: true`.
3. If the content is general software development, code-level details, logs, or unrelated to architecture, mark it as `related_to_architecture: false`.
4. If the content includes partial architectural relevance but is mostly about implementation details, analyze whether the relevant part is strong enough to classify it as `related_to_architecture: true`.
5. Provide `related_to_architecture_reasoning` explaining why the content is classified as related on unrelated.
",,[WinError 10054] An existing connection was forcibly closed by the remote host
Deployability,"onst volatile&, unsigned int volatile&) (TStorage.h:132); ==92602== by 0x40E11A3: TObject::TObject() (TObject.h:245); ==92602== by 0x44FFCCF: TUrl::TUrl(char const*, bool) (TUrl.cxx:76); ==92602== by 0x44D635F: TSystem::FindHelper(char const*, void*) (TSystem.cxx:760); ==92602== by 0x46846E7: TUnixSystem::OpenDirectory(char const*) (TUnixSystem.cxx:1350); ==92602== by 0x113612CF: TCling::LoadLibraryMap(char const*) (TCling.cxx:5680); ==92602== by 0x1134DAFF: TCling::Initialize() (TCling.cxx:1665); ==92602== by 0x440BF2F: TROOT::InitInterpreter() (TROOT.cxx:2102); ==92602== by 0x4402C7B: ROOT::Internal::GetROOT2() (TROOT.cxx:383); ==92602== by 0x440331B: ROOT::GetROOT() (TROOT.cxx:465); ==92602== by 0x441EDD7: TApplication::TApplication(char const*, int*, char**, void*, int) (TApplication.cxx:153); ==92602== by 0x40DC873: TRint::TRint(char const*, int*, char**, void*, int, bool) (TRint.cxx:147); ==92602== ; ==92602== Conditional jump or move depends on uninitialised value(s); ==92602== at 0x40E0FA8: TStorage::UpdateIsOnHeap(unsigned int const volatile&, unsigned int volatile&) (TStorage.h:132); ==92602== by 0x40E11A3: TObject::TObject() (TObject.h:245); ==92602== by 0x44FFCCF: TUrl::TUrl(char const*, bool) (TUrl.cxx:76); ==92602== by 0x4420F6B: TApplication::GetOptions(int*, char**) (TApplication.cxx:483); ==92602== by 0x441EF9B: TApplication::TApplication(char const*, int*, char**, void*, int) (TApplication.cxx:177); ==92602== by 0x40DC873: TRint::TRint(char const*, int*, char**, void*, int, bool) (TRint.cxx:147); ==92602== by 0x100011BF: main (rmain.cxx:80); ==92602== ; ==92602== Conditional jump or move depends on uninitialised value(s); ==92602== at 0x40E0FA8: TStorage::UpdateIsOnHeap(unsigned int const volatile&, unsigned int volatile&) (TStorage.h:132); ==92602== by 0x40E11A3: TObject::TObject() (TObject.h:245); ==92602== by 0x4438EB3: TNamed::TNamed() (TNamed.h:36); ==92602== by 0x44526DF: TDirectory::TDirectory() (TDirectory.cxx:47); ==92602== by 0x5FE37F3: TD",Update,MatchSource.ISSUE_COMMENT,root-project,root,v6-32-06,https://github.com/root-project/root/issues/9297#issuecomment-979895686:5278,UpdateIsOnHeap,5278,https://root.cern,https://github.com/root-project/root/issues/9297#issuecomment-979895686,1,['Update'],['UpdateIsOnHeap'],"The capability of software to be deployed into an operational environment with predictable time and effort, including options for rollback if needed. Key aspects include automation, deployment speed, and deployment granularity.","
You are an expert in evaluating and categorizing quality attributes in software engineering. You possess the necessary skills to distinguish sentences that clearly relate to a given quality attribute from those that do not. 

Evaluate whether the content accurately aligns with its associated quality attribute, given the context provided. Your goal is to determine if the content makes sense in relation to the quality attribute description or if it is a false positive.

Data:

Quality Attribute: Deployability
Attribute Description: The capability of software to be deployed into an operational environment with predictable time and effort, including options for rollback if needed. Key aspects include automation, deployment speed, and deployment granularity.
Content: onst volatile&, unsigned int volatile&) (TStorage.h:132); ==92602== by 0x40E11A3: TObject::TObject() (TObject.h:245); ==92602== by 0x44FFCCF: TUrl::TUrl(char const*, bool) (TUrl.cxx:76); ==92602== by 0x44D635F: TSystem::FindHelper(char const*, void*) (TSystem.cxx:760); ==92602== by 0x46846E7: TUnixSystem::OpenDirectory(char const*) (TUnixSystem.cxx:1350); ==92602== by 0x113612CF: TCling::LoadLibraryMap(char const*) (TCling.cxx:5680); ==92602== by 0x1134DAFF: TCling::Initialize() (TCling.cxx:1665); ==92602== by 0x440BF2F: TROOT::InitInterpreter() (TROOT.cxx:2102); ==92602== by 0x4402C7B: ROOT::Internal::GetROOT2() (TROOT.cxx:383); ==92602== by 0x440331B: ROOT::GetROOT() (TROOT.cxx:465); ==92602== by 0x441EDD7: TApplication::TApplication(char const*, int*, char**, void*, int) (TApplication.cxx:153); ==92602== by 0x40DC873: TRint::TRint(char const*, int*, char**, void*, int, bool) (TRint.cxx:147); ==92602== ; ==92602== Conditional jump or move depends on uninitialised value(s); ==92602== at 0x40E0FA8: TStorage::UpdateIsOnHeap(unsigned int const volatile&, unsigned int volatile&) (TStorage.h:132); ==92602== by 0x40E11A3: TObject::TObject() (TObject.h:245); ==92602== by 0x44FFCCF: TUrl::TUrl(char const*, bool) (TUrl.cxx:76); ==92602== by 0x4420F6B: TApplication::GetOptions(int*, char**) (TApplication.cxx:483); ==92602== by 0x441EF9B: TApplication::TApplication(char const*, int*, char**, void*, int) (TApplication.cxx:177); ==92602== by 0x40DC873: TRint::TRint(char const*, int*, char**, void*, int, bool) (TRint.cxx:147); ==92602== by 0x100011BF: main (rmain.cxx:80); ==92602== ; ==92602== Conditional jump or move depends on uninitialised value(s); ==92602== at 0x40E0FA8: TStorage::UpdateIsOnHeap(unsigned int const volatile&, unsigned int volatile&) (TStorage.h:132); ==92602== by 0x40E11A3: TObject::TObject() (TObject.h:245); ==92602== by 0x4438EB3: TNamed::TNamed() (TNamed.h:36); ==92602== by 0x44526DF: TDirectory::TDirectory() (TDirectory.cxx:47); ==92602== by 0x5FE37F3: TD

Instructions: 
1. Analyze the content and the attribute description.
2. Determine if the content accurately reflects the intended quality attribute in this context.
3. If it does, label it as `true_positive: true`; if not, mark it as a `true_positive: false`.
4. If the content consists only of logs with no other text, mark it as a `true_positive: false`. 
4. If the content partially consists of logs, focus on analyzing remaining text. 
5. Add `reasoning` why the content is a true or false positive.
",True,"The content provided seems to be code-related log lines, mentioning various functions and their addresses in different files. The context includes multiple function calls and addresses where issues may occur (e.g., conditional jumps). This aligns with deployability concerns because deployment often involves ensuring that code runs without errors or unexpected behavior, which these logs might indicate. Therefore, this content is a true positive for Deployability as it relates to potential deployment issues.","
You are an expert in software architecture and software engineering. You have the necessary expertise to evaluate whether a given piece of content is related to software architecture.

Evaluate whether the content explicitly discusses or relates to software architecture concepts, principles, or concerns. Your goal is to determine if the content is relevant to software architecture.

Data:

Content: onst volatile&, unsigned int volatile&) (TStorage.h:132); ==92602== by 0x40E11A3: TObject::TObject() (TObject.h:245); ==92602== by 0x44FFCCF: TUrl::TUrl(char const*, bool) (TUrl.cxx:76); ==92602== by 0x44D635F: TSystem::FindHelper(char const*, void*) (TSystem.cxx:760); ==92602== by 0x46846E7: TUnixSystem::OpenDirectory(char const*) (TUnixSystem.cxx:1350); ==92602== by 0x113612CF: TCling::LoadLibraryMap(char const*) (TCling.cxx:5680); ==92602== by 0x1134DAFF: TCling::Initialize() (TCling.cxx:1665); ==92602== by 0x440BF2F: TROOT::InitInterpreter() (TROOT.cxx:2102); ==92602== by 0x4402C7B: ROOT::Internal::GetROOT2() (TROOT.cxx:383); ==92602== by 0x440331B: ROOT::GetROOT() (TROOT.cxx:465); ==92602== by 0x441EDD7: TApplication::TApplication(char const*, int*, char**, void*, int) (TApplication.cxx:153); ==92602== by 0x40DC873: TRint::TRint(char const*, int*, char**, void*, int, bool) (TRint.cxx:147); ==92602== ; ==92602== Conditional jump or move depends on uninitialised value(s); ==92602== at 0x40E0FA8: TStorage::UpdateIsOnHeap(unsigned int const volatile&, unsigned int volatile&) (TStorage.h:132); ==92602== by 0x40E11A3: TObject::TObject() (TObject.h:245); ==92602== by 0x44FFCCF: TUrl::TUrl(char const*, bool) (TUrl.cxx:76); ==92602== by 0x4420F6B: TApplication::GetOptions(int*, char**) (TApplication.cxx:483); ==92602== by 0x441EF9B: TApplication::TApplication(char const*, int*, char**, void*, int) (TApplication.cxx:177); ==92602== by 0x40DC873: TRint::TRint(char const*, int*, char**, void*, int, bool) (TRint.cxx:147); ==92602== by 0x100011BF: main (rmain.cxx:80); ==92602== ; ==92602== Conditional jump or move depends on uninitialised value(s); ==92602== at 0x40E0FA8: TStorage::UpdateIsOnHeap(unsigned int const volatile&, unsigned int volatile&) (TStorage.h:132); ==92602== by 0x40E11A3: TObject::TObject() (TObject.h:245); ==92602== by 0x4438EB3: TNamed::TNamed() (TNamed.h:36); ==92602== by 0x44526DF: TDirectory::TDirectory() (TDirectory.cxx:47); ==92602== by 0x5FE37F3: TD
Instructions:

1. Analyze the content and determine whether it is discussing software architecture, including but not limited to:
    * Architectural patterns or styles (e.g., microservices, monolith, event-driven architecture).
    * Architectural decisions, trade-offs, or quality attributes (e.g., scalability, maintainability, performance).
    * High-level system structure, interactions, dependencies, or constraints.
2. If the content clearly pertains to software architecture, mark it as `related_to_architecture: true`.
3. If the content is general software development, code-level details, logs, or unrelated to architecture, mark it as `related_to_architecture: false`.
4. If the content includes partial architectural relevance but is mostly about implementation details, analyze whether the relevant part is strong enough to classify it as `related_to_architecture: true`.
5. Provide `related_to_architecture_reasoning` explaining why the content is classified as related on unrelated.
",,[WinError 10054] An existing connection was forcibly closed by the remote host
Deployability,"oot-6.26.10/tree/ntuple/v7/test/CustomStruct.hxx:40:24: error: 'uint32_t' does not name a type\r\n 40 | namespace SG { typedef uint32_t sgkey_t; }\r\n | ^~~~~~~~\r\n.../root-6.26.10/tree/ntuple/v7/test/CustomStruct.hxx:6:1: note: 'uint32_t' is defined in header '&lt;cstdint&gt;'; did you forget to '#include &lt;cstdint&gt;'?\r\n 5 | #include &lt;vector&gt;\r\n +++ |+#include &lt;cstdint&gt;\r\n 6 |\r\n.../root-6.26.10/tree/ntuple/v7/test/CustomStruct.hxx:43:4: error: 'uint8_t' does not name a type\r\n 43 | uint8_t m_nbits, m_nmantissa;\r\n | ^~~~~~~\r\n.../root-6.26.10/tree/ntuple/v7/test/CustomStruct.hxx:43:4: note: 'uint8_t' is defined in header '&lt;cstdint&gt;'; did you forget to '#include &lt;cstdint&gt;'?\r\n.../root-6.26.10/tree/ntuple/v7/test/CustomStruct.hxx:45:4: error: 'uint8_t' does not name a type\r\n 45 | uint8_t m_flags;\r\n | ^~~~~~~\r\n.../root-6.26.10/tree/ntuple/v7/test/CustomStruct.hxx:45:4: note: 'uint8_t' is defined in header '&lt;cstdint&gt;'; did you forget to '#include &lt;cstdint&gt;'?\r\n.../root-6.26.10/tree/ntuple/v7/test/CustomStruct.hxx:46:8: error: 'sgkey_t' in namespace 'SG' does not name a type\r\n 46 | SG::sgkey_t m_sgkey = 123;\r\n | ^~~~~~~\r\n.../root-6.26.10/tree/ntuple/v7/test/CustomStruct.hxx:47:10: error: 'uint8_t' does not name a type\r\n 47 | const uint8_t c_uint = 10;\r\n | ^~~~~~~\r\n.../root-6.26.10/tree/ntuple/v7/test/CustomStruct.hxx:47:10: note: 'uint8_t' is defined in header '&lt;cstdint&gt;'; did you forget to '#include &lt;cstdint&gt;'?\r\ngmake[2]: *** [tree/ntuple/v7/test/CMakeFiles/CustomStruct.dir/build.make:79: tree/ntuple/v7/test/CMakeFiles/CustomStruct.dir/CustomStruct.cxx.o] Error 1\r\ngmake[2]: Leaving directory '.../root-6.26.10/redhat-linux-build'\r\ngmake[1]: *** [CMakeFiles/Makefile2:53506: tree/ntuple/v7/test/CMakeFiles/CustomStruct.dir/all] Error 2\r\ngmake[1]: *** Waiting for unfinished jobs....\r\n~~~\r\n## Checklist:\r\n\r\n- [x] tested changes locally\r\n- [ ] updated the docs (if necessary)\r\n",update,MatchSource.ISSUE_COMMENT,root-project,root,v6-32-06,https://github.com/root-project/root/pull/12065#issuecomment-1397621703:2425,updated,2425,https://root.cern,https://github.com/root-project/root/pull/12065#issuecomment-1397621703,2,['update'],['updated'],"The capability of software to be deployed into an operational environment with predictable time and effort, including options for rollback if needed. Key aspects include automation, deployment speed, and deployment granularity.","
You are an expert in evaluating and categorizing quality attributes in software engineering. You possess the necessary skills to distinguish sentences that clearly relate to a given quality attribute from those that do not. 

Evaluate whether the content accurately aligns with its associated quality attribute, given the context provided. Your goal is to determine if the content makes sense in relation to the quality attribute description or if it is a false positive.

Data:

Quality Attribute: Deployability
Attribute Description: The capability of software to be deployed into an operational environment with predictable time and effort, including options for rollback if needed. Key aspects include automation, deployment speed, and deployment granularity.
Content: oot-6.26.10/tree/ntuple/v7/test/CustomStruct.hxx:40:24: error: 'uint32_t' does not name a type\r\n 40 | namespace SG { typedef uint32_t sgkey_t; }\r\n | ^~~~~~~~\r\n.../root-6.26.10/tree/ntuple/v7/test/CustomStruct.hxx:6:1: note: 'uint32_t' is defined in header '&lt;cstdint&gt;'; did you forget to '#include &lt;cstdint&gt;'?\r\n 5 | #include &lt;vector&gt;\r\n +++ |+#include &lt;cstdint&gt;\r\n 6 |\r\n.../root-6.26.10/tree/ntuple/v7/test/CustomStruct.hxx:43:4: error: 'uint8_t' does not name a type\r\n 43 | uint8_t m_nbits, m_nmantissa;\r\n | ^~~~~~~\r\n.../root-6.26.10/tree/ntuple/v7/test/CustomStruct.hxx:43:4: note: 'uint8_t' is defined in header '&lt;cstdint&gt;'; did you forget to '#include &lt;cstdint&gt;'?\r\n.../root-6.26.10/tree/ntuple/v7/test/CustomStruct.hxx:45:4: error: 'uint8_t' does not name a type\r\n 45 | uint8_t m_flags;\r\n | ^~~~~~~\r\n.../root-6.26.10/tree/ntuple/v7/test/CustomStruct.hxx:45:4: note: 'uint8_t' is defined in header '&lt;cstdint&gt;'; did you forget to '#include &lt;cstdint&gt;'?\r\n.../root-6.26.10/tree/ntuple/v7/test/CustomStruct.hxx:46:8: error: 'sgkey_t' in namespace 'SG' does not name a type\r\n 46 | SG::sgkey_t m_sgkey = 123;\r\n | ^~~~~~~\r\n.../root-6.26.10/tree/ntuple/v7/test/CustomStruct.hxx:47:10: error: 'uint8_t' does not name a type\r\n 47 | const uint8_t c_uint = 10;\r\n | ^~~~~~~\r\n.../root-6.26.10/tree/ntuple/v7/test/CustomStruct.hxx:47:10: note: 'uint8_t' is defined in header '&lt;cstdint&gt;'; did you forget to '#include &lt;cstdint&gt;'?\r\ngmake[2]: *** [tree/ntuple/v7/test/CMakeFiles/CustomStruct.dir/build.make:79: tree/ntuple/v7/test/CMakeFiles/CustomStruct.dir/CustomStruct.cxx.o] Error 1\r\ngmake[2]: Leaving directory '.../root-6.26.10/redhat-linux-build'\r\ngmake[1]: *** [CMakeFiles/Makefile2:53506: tree/ntuple/v7/test/CMakeFiles/CustomStruct.dir/all] Error 2\r\ngmake[1]: *** Waiting for unfinished jobs....\r\n~~~\r\n## Checklist:\r\n\r\n- [x] tested changes locally\r\n- [ ] updated the docs (if necessary)\r\n

Instructions: 
1. Analyze the content and the attribute description.
2. Determine if the content accurately reflects the intended quality attribute in this context.
3. If it does, label it as `true_positive: true`; if not, mark it as a `true_positive: false`.
4. If the content consists only of logs with no other text, mark it as a `true_positive: false`. 
4. If the content partially consists of logs, focus on analyzing remaining text. 
5. Add `reasoning` why the content is a true or false positive.
",True,"The provided content is a series of compiler error messages from a build process. These errors indicate issues with type definitions, specifically that certain types like 'uint32_t' and 'uint8_t' are not recognized. The context suggests that these errors stem from missing include statements in the header file. This relates to deployability because without proper type definitions, the software cannot be compiled and deployed correctly. Therefore, fixing this would improve deployability.","
You are an expert in software architecture and software engineering. You have the necessary expertise to evaluate whether a given piece of content is related to software architecture.

Evaluate whether the content explicitly discusses or relates to software architecture concepts, principles, or concerns. Your goal is to determine if the content is relevant to software architecture.

Data:

Content: oot-6.26.10/tree/ntuple/v7/test/CustomStruct.hxx:40:24: error: 'uint32_t' does not name a type\r\n 40 | namespace SG { typedef uint32_t sgkey_t; }\r\n | ^~~~~~~~\r\n.../root-6.26.10/tree/ntuple/v7/test/CustomStruct.hxx:6:1: note: 'uint32_t' is defined in header '&lt;cstdint&gt;'; did you forget to '#include &lt;cstdint&gt;'?\r\n 5 | #include &lt;vector&gt;\r\n +++ |+#include &lt;cstdint&gt;\r\n 6 |\r\n.../root-6.26.10/tree/ntuple/v7/test/CustomStruct.hxx:43:4: error: 'uint8_t' does not name a type\r\n 43 | uint8_t m_nbits, m_nmantissa;\r\n | ^~~~~~~\r\n.../root-6.26.10/tree/ntuple/v7/test/CustomStruct.hxx:43:4: note: 'uint8_t' is defined in header '&lt;cstdint&gt;'; did you forget to '#include &lt;cstdint&gt;'?\r\n.../root-6.26.10/tree/ntuple/v7/test/CustomStruct.hxx:45:4: error: 'uint8_t' does not name a type\r\n 45 | uint8_t m_flags;\r\n | ^~~~~~~\r\n.../root-6.26.10/tree/ntuple/v7/test/CustomStruct.hxx:45:4: note: 'uint8_t' is defined in header '&lt;cstdint&gt;'; did you forget to '#include &lt;cstdint&gt;'?\r\n.../root-6.26.10/tree/ntuple/v7/test/CustomStruct.hxx:46:8: error: 'sgkey_t' in namespace 'SG' does not name a type\r\n 46 | SG::sgkey_t m_sgkey = 123;\r\n | ^~~~~~~\r\n.../root-6.26.10/tree/ntuple/v7/test/CustomStruct.hxx:47:10: error: 'uint8_t' does not name a type\r\n 47 | const uint8_t c_uint = 10;\r\n | ^~~~~~~\r\n.../root-6.26.10/tree/ntuple/v7/test/CustomStruct.hxx:47:10: note: 'uint8_t' is defined in header '&lt;cstdint&gt;'; did you forget to '#include &lt;cstdint&gt;'?\r\ngmake[2]: *** [tree/ntuple/v7/test/CMakeFiles/CustomStruct.dir/build.make:79: tree/ntuple/v7/test/CMakeFiles/CustomStruct.dir/CustomStruct.cxx.o] Error 1\r\ngmake[2]: Leaving directory '.../root-6.26.10/redhat-linux-build'\r\ngmake[1]: *** [CMakeFiles/Makefile2:53506: tree/ntuple/v7/test/CMakeFiles/CustomStruct.dir/all] Error 2\r\ngmake[1]: *** Waiting for unfinished jobs....\r\n~~~\r\n## Checklist:\r\n\r\n- [x] tested changes locally\r\n- [ ] updated the docs (if necessary)\r\n
Instructions:

1. Analyze the content and determine whether it is discussing software architecture, including but not limited to:
    * Architectural patterns or styles (e.g., microservices, monolith, event-driven architecture).
    * Architectural decisions, trade-offs, or quality attributes (e.g., scalability, maintainability, performance).
    * High-level system structure, interactions, dependencies, or constraints.
2. If the content clearly pertains to software architecture, mark it as `related_to_architecture: true`.
3. If the content is general software development, code-level details, logs, or unrelated to architecture, mark it as `related_to_architecture: false`.
4. If the content includes partial architectural relevance but is mostly about implementation details, analyze whether the relevant part is strong enough to classify it as `related_to_architecture: true`.
5. Provide `related_to_architecture_reasoning` explaining why the content is classified as related on unrelated.
",,[WinError 10054] An existing connection was forcibly closed by the remote host
