quality_attribute,keyword,matched_word,sentence,source,filename,author,repo,version,wiki,url,attribute_desc,prompt,false_positive,reasoning
Availability,down,downloads,[![install with conda](; https://anaconda.org/bioconda/fastp/badges/version.svg)](https://anaconda.org/bioconda/fastp); [![install with conda](; https://anaconda.org/bioconda/fastp/badges/downloads.svg)](https://anaconda.org/bioconda/fastp); [![DebianBadge](; https://badges.debian.net/badges/debian/unstable/fastp/version.svg)](https://packages.debian.org/unstable/fastp); [![fastp ci](https://github.com/OpenGene/fastp/actions/workflows/ci.yml/badge.svg?branch=master)](https://github.com/OpenGene/fastp/actions/workflows/ci.yml). # fastp; A tool designed to provide fast all-in-one preprocessing for FastQ files. This tool is developed in C++ with multithreading supported to afford high performance.; - [fastp](#fastp); - [features](#features); - [simple usage](#simple-usage); - [examples of report](#examples-of-report); - [get fastp](#get-fastp); - [install with Bioconda](#install-with-bioconda); - [or download the latest prebuilt binary for Linux users](#or-download-the-latest-prebuilt-binary-for-linux-users); - [or compile from source](#or-compile-from-source); - [Step 1: download and build libisal](#step-1-download-and-build-libisal); - [step 2: download and build libdeflate](#step-2-download-and-build-libdeflate); - [Step 3: download and build fastp](#step-3-download-and-build-fastp); - [input and output](#input-and-output); - [output to STDOUT](#output-to-stdout); - [input from STDIN](#input-from-stdin); - [store the unpaired reads for PE data](#store-the-unpaired-reads-for-pe-data); - [store the reads that fail the filters](#store-the-reads-that-fail-the-filters); - [process only part of the data](#process-only-part-of-the-data); - [do not overwrite exiting files](#do-not-overwrite-exiting-files); - [split the output to multiple files for parallel processing](#split-the-output-to-multiple-files-for-parallel-processing); - [merge PE reads](#merge-pe-reads); - [filtering](#filtering); - [quality filter](#quality-filter); - [length filter](#length-filter); - [low compl,MatchSource.DOCS,README.md,OpenGene,fastp,v0.23.4,,https://github.com/OpenGene/fastp/tree/v0.23.4/README.md,"The system's readiness to perform its function when required, focusing on reliability and recovery. It involves fault masking or repair to prevent failures, ensuring minimal cumulative downtime.","
You are an expert in evaluating and categorizing quality attributes in software engineering. You possess the necessary skills to distinguish sentences that clearly relate to a given quality attribute from those that do not. 

Evaluate whether the content accurately aligns with its associated quality attribute, given the context provided. Your goal is to determine if the content makes sense in relation to the quality attribute description or if it is a false positive.

Data:

Quality Attribute: Availability
Attribute Description: The system's readiness to perform its function when required, focusing on reliability and recovery. It involves fault masking or repair to prevent failures, ensuring minimal cumulative downtime.
Content: [![install with conda](; https://anaconda.org/bioconda/fastp/badges/version.svg)](https://anaconda.org/bioconda/fastp); [![install with conda](; https://anaconda.org/bioconda/fastp/badges/downloads.svg)](https://anaconda.org/bioconda/fastp); [![DebianBadge](; https://badges.debian.net/badges/debian/unstable/fastp/version.svg)](https://packages.debian.org/unstable/fastp); [![fastp ci](https://github.com/OpenGene/fastp/actions/workflows/ci.yml/badge.svg?branch=master)](https://github.com/OpenGene/fastp/actions/workflows/ci.yml). # fastp; A tool designed to provide fast all-in-one preprocessing for FastQ files. This tool is developed in C++ with multithreading supported to afford high performance.; - [fastp](#fastp); - [features](#features); - [simple usage](#simple-usage); - [examples of report](#examples-of-report); - [get fastp](#get-fastp); - [install with Bioconda](#install-with-bioconda); - [or download the latest prebuilt binary for Linux users](#or-download-the-latest-prebuilt-binary-for-linux-users); - [or compile from source](#or-compile-from-source); - [Step 1: download and build libisal](#step-1-download-and-build-libisal); - [step 2: download and build libdeflate](#step-2-download-and-build-libdeflate); - [Step 3: download and build fastp](#step-3-download-and-build-fastp); - [input and output](#input-and-output); - [output to STDOUT](#output-to-stdout); - [input from STDIN](#input-from-stdin); - [store the unpaired reads for PE data](#store-the-unpaired-reads-for-pe-data); - [store the reads that fail the filters](#store-the-reads-that-fail-the-filters); - [process only part of the data](#process-only-part-of-the-data); - [do not overwrite exiting files](#do-not-overwrite-exiting-files); - [split the output to multiple files for parallel processing](#split-the-output-to-multiple-files-for-parallel-processing); - [merge PE reads](#merge-pe-reads); - [filtering](#filtering); - [quality filter](#quality-filter); - [length filter](#length-filter); - [low compl

Instructions: 
1. Analyze the content and the attribute description.
2. Determine if the content accurately reflects the intended quality attribute in this context.
3. If it does, label it as an accurate match; if not, mark it as a false positive.
4. Output only the JSON object in response, without any additional explanation.
5. Ensure the JSON output is properly formatted. Escape any special characters or inner quotes in strings to ensure compatibility with JSON parsers. Within JSON strings use \"" to escape double quotes.

Output your response as a JSON object in the following format:
{
  ""false_positive"": <boolean>,
  ""reasoning"": ""<str>""
}
",True,"The provided content discusses installation, download, and technical specifications of a bioinformatics tool called 'fastp', which relates to its functionality and performance rather than its availability as a quality attribute."
Deployability,install,install,[![install with conda](; https://anaconda.org/bioconda/fastp/badges/version.svg)](https://anaconda.org/bioconda/fastp); [![install with conda](; https://anaconda.org/bioconda/fastp/badges/downloads.svg)](https://anaconda.org/bioconda/fastp); [![DebianBadge](; https://badges.debian.net/badges/debian/unstable/fastp/version.svg)](https://packages.debian.org/unstable/fastp); [![fastp ci](https://github.com/OpenGene/fastp/actions/workflows/ci.yml/badge.svg?branch=master)](https://github.com/OpenGene/fastp/actions/workflows/ci.yml). # fastp; A tool designed to provide fast all-in-one preprocessing for FastQ files. This tool is developed in C++ with multithreading supported to afford high performance.; - [fastp](#fastp); - [features](#features); - [simple usage](#simple-usage); - [examples of report](#examples-of-report); - [get fastp](#get-fastp); - [install with Bioconda](#install-with-bioconda); - [or download the latest prebuilt binary for Linux users](#or-download-the-latest-prebuilt-binary-for-linux-users); - [or compile from source](#or-compile-from-source); - [Step 1: download and build libisal](#step-1-download-and-build-libisal); - [step 2: download and build libdeflate](#step-2-download-and-build-libdeflate); - [Step 3: download and build fastp](#step-3-download-and-build-fastp); - [input and output](#input-and-output); - [output to STDOUT](#output-to-stdout); - [input from STDIN](#input-from-stdin); - [store the unpaired reads for PE data](#store-the-unpaired-reads-for-pe-data); - [store the reads that fail the filters](#store-the-reads-that-fail-the-filters); - [process only part of the data](#process-only-part-of-the-data); - [do not overwrite exiting files](#do-not-overwrite-exiting-files); - [split the output to multiple files for parallel processing](#split-the-output-to-multiple-files-for-parallel-processing); - [merge PE reads](#merge-pe-reads); - [filtering](#filtering); - [quality filter](#quality-filter); - [length filter](#length-filter); - [low compl,MatchSource.DOCS,README.md,OpenGene,fastp,v0.23.4,,https://github.com/OpenGene/fastp/tree/v0.23.4/README.md,"The capability of software to be deployed into an operational environment with predictable time and effort, including options for rollback if needed. Key aspects include automation, deployment speed, and deployment granularity.","
You are an expert in evaluating and categorizing quality attributes in software engineering. You possess the necessary skills to distinguish sentences that clearly relate to a given quality attribute from those that do not. 

Evaluate whether the content accurately aligns with its associated quality attribute, given the context provided. Your goal is to determine if the content makes sense in relation to the quality attribute description or if it is a false positive.

Data:

Quality Attribute: Deployability
Attribute Description: The capability of software to be deployed into an operational environment with predictable time and effort, including options for rollback if needed. Key aspects include automation, deployment speed, and deployment granularity.
Content: [![install with conda](; https://anaconda.org/bioconda/fastp/badges/version.svg)](https://anaconda.org/bioconda/fastp); [![install with conda](; https://anaconda.org/bioconda/fastp/badges/downloads.svg)](https://anaconda.org/bioconda/fastp); [![DebianBadge](; https://badges.debian.net/badges/debian/unstable/fastp/version.svg)](https://packages.debian.org/unstable/fastp); [![fastp ci](https://github.com/OpenGene/fastp/actions/workflows/ci.yml/badge.svg?branch=master)](https://github.com/OpenGene/fastp/actions/workflows/ci.yml). # fastp; A tool designed to provide fast all-in-one preprocessing for FastQ files. This tool is developed in C++ with multithreading supported to afford high performance.; - [fastp](#fastp); - [features](#features); - [simple usage](#simple-usage); - [examples of report](#examples-of-report); - [get fastp](#get-fastp); - [install with Bioconda](#install-with-bioconda); - [or download the latest prebuilt binary for Linux users](#or-download-the-latest-prebuilt-binary-for-linux-users); - [or compile from source](#or-compile-from-source); - [Step 1: download and build libisal](#step-1-download-and-build-libisal); - [step 2: download and build libdeflate](#step-2-download-and-build-libdeflate); - [Step 3: download and build fastp](#step-3-download-and-build-fastp); - [input and output](#input-and-output); - [output to STDOUT](#output-to-stdout); - [input from STDIN](#input-from-stdin); - [store the unpaired reads for PE data](#store-the-unpaired-reads-for-pe-data); - [store the reads that fail the filters](#store-the-reads-that-fail-the-filters); - [process only part of the data](#process-only-part-of-the-data); - [do not overwrite exiting files](#do-not-overwrite-exiting-files); - [split the output to multiple files for parallel processing](#split-the-output-to-multiple-files-for-parallel-processing); - [merge PE reads](#merge-pe-reads); - [filtering](#filtering); - [quality filter](#quality-filter); - [length filter](#length-filter); - [low compl

Instructions: 
1. Analyze the content and the attribute description.
2. Determine if the content accurately reflects the intended quality attribute in this context.
3. If it does, label it as an accurate match; if not, mark it as a false positive.
4. Output only the JSON object in response, without any additional explanation.
5. Ensure the JSON output is properly formatted. Escape any special characters or inner quotes in strings to ensure compatibility with JSON parsers. Within JSON strings use \"" to escape double quotes.

Output your response as a JSON object in the following format:
{
  ""false_positive"": <boolean>,
  ""reasoning"": ""<str>""
}
",True,"The provided content primarily discusses installation, download, and usage instructions for the 'fastp' tool, which is unrelated to the quality attribute of Deployability."
Energy Efficiency,adapt,adapters,ource); - [Step 1: download and build libisal](#step-1-download-and-build-libisal); - [step 2: download and build libdeflate](#step-2-download-and-build-libdeflate); - [Step 3: download and build fastp](#step-3-download-and-build-fastp); - [input and output](#input-and-output); - [output to STDOUT](#output-to-stdout); - [input from STDIN](#input-from-stdin); - [store the unpaired reads for PE data](#store-the-unpaired-reads-for-pe-data); - [store the reads that fail the filters](#store-the-reads-that-fail-the-filters); - [process only part of the data](#process-only-part-of-the-data); - [do not overwrite exiting files](#do-not-overwrite-exiting-files); - [split the output to multiple files for parallel processing](#split-the-output-to-multiple-files-for-parallel-processing); - [merge PE reads](#merge-pe-reads); - [filtering](#filtering); - [quality filter](#quality-filter); - [length filter](#length-filter); - [low complexity filter](#low-complexity-filter); - [Other filter](#other-filter); - [adapters](#adapters); - [per read cutting by quality score](#per-read-cutting-by-quality-score); - [base correction for PE data](#base-correction-for-pe-data); - [global trimming](#global-trimming); - [polyG tail trimming](#polyg-tail-trimming); - [polyX tail trimming](#polyx-tail-trimming); - [unique molecular identifier (UMI) processing](#unique-molecular-identifier-umi-processing); - [UMI example](#umi-example); - [output splitting](#output-splitting); - [splitting by limiting file number](#splitting-by-limiting-file-number); - [splitting by limiting the lines of each file](#splitting-by-limiting-the-lines-of-each-file); - [overrepresented sequence analysis](#overrepresented-sequence-analysis); - [merge paired-end reads](#merge-paired-end-reads); - [duplication rate and deduplication](#duplication-rate-and-deduplication); - [duplication rate evaluation](#duplication-rate-evaluation); - [deduplication](#deduplication); - [all options](#all-options); - [citations](#citations).,MatchSource.DOCS,README.md,OpenGene,fastp,v0.23.4,,https://github.com/OpenGene/fastp/tree/v0.23.4/README.md,"The system’s ability to optimize resource use and minimize energy consumption while achieving required performance. This involves monitoring, allocation, and adaptation of resources.","
You are an expert in evaluating and categorizing quality attributes in software engineering. You possess the necessary skills to distinguish sentences that clearly relate to a given quality attribute from those that do not. 

Evaluate whether the content accurately aligns with its associated quality attribute, given the context provided. Your goal is to determine if the content makes sense in relation to the quality attribute description or if it is a false positive.

Data:

Quality Attribute: Energy Efficiency
Attribute Description: The system’s ability to optimize resource use and minimize energy consumption while achieving required performance. This involves monitoring, allocation, and adaptation of resources.
Content: ource); - [Step 1: download and build libisal](#step-1-download-and-build-libisal); - [step 2: download and build libdeflate](#step-2-download-and-build-libdeflate); - [Step 3: download and build fastp](#step-3-download-and-build-fastp); - [input and output](#input-and-output); - [output to STDOUT](#output-to-stdout); - [input from STDIN](#input-from-stdin); - [store the unpaired reads for PE data](#store-the-unpaired-reads-for-pe-data); - [store the reads that fail the filters](#store-the-reads-that-fail-the-filters); - [process only part of the data](#process-only-part-of-the-data); - [do not overwrite exiting files](#do-not-overwrite-exiting-files); - [split the output to multiple files for parallel processing](#split-the-output-to-multiple-files-for-parallel-processing); - [merge PE reads](#merge-pe-reads); - [filtering](#filtering); - [quality filter](#quality-filter); - [length filter](#length-filter); - [low complexity filter](#low-complexity-filter); - [Other filter](#other-filter); - [adapters](#adapters); - [per read cutting by quality score](#per-read-cutting-by-quality-score); - [base correction for PE data](#base-correction-for-pe-data); - [global trimming](#global-trimming); - [polyG tail trimming](#polyg-tail-trimming); - [polyX tail trimming](#polyx-tail-trimming); - [unique molecular identifier (UMI) processing](#unique-molecular-identifier-umi-processing); - [UMI example](#umi-example); - [output splitting](#output-splitting); - [splitting by limiting file number](#splitting-by-limiting-file-number); - [splitting by limiting the lines of each file](#splitting-by-limiting-the-lines-of-each-file); - [overrepresented sequence analysis](#overrepresented-sequence-analysis); - [merge paired-end reads](#merge-paired-end-reads); - [duplication rate and deduplication](#duplication-rate-and-deduplication); - [duplication rate evaluation](#duplication-rate-evaluation); - [deduplication](#deduplication); - [all options](#all-options); - [citations](#citations).

Instructions: 
1. Analyze the content and the attribute description.
2. Determine if the content accurately reflects the intended quality attribute in this context.
3. If it does, label it as an accurate match; if not, mark it as a false positive.
4. Output only the JSON object in response, without any additional explanation.
5. Ensure the JSON output is properly formatted. Escape any special characters or inner quotes in strings to ensure compatibility with JSON parsers. Within JSON strings use \"" to escape double quotes.

Output your response as a JSON object in the following format:
{
  ""false_positive"": <boolean>,
  ""reasoning"": ""<str>""
}
",True,"The provided content is related to sequence analysis and reads processing, which are not directly related to energy efficiency as defined in the attribute description."
Integrability,adapter,adapters,ource); - [Step 1: download and build libisal](#step-1-download-and-build-libisal); - [step 2: download and build libdeflate](#step-2-download-and-build-libdeflate); - [Step 3: download and build fastp](#step-3-download-and-build-fastp); - [input and output](#input-and-output); - [output to STDOUT](#output-to-stdout); - [input from STDIN](#input-from-stdin); - [store the unpaired reads for PE data](#store-the-unpaired-reads-for-pe-data); - [store the reads that fail the filters](#store-the-reads-that-fail-the-filters); - [process only part of the data](#process-only-part-of-the-data); - [do not overwrite exiting files](#do-not-overwrite-exiting-files); - [split the output to multiple files for parallel processing](#split-the-output-to-multiple-files-for-parallel-processing); - [merge PE reads](#merge-pe-reads); - [filtering](#filtering); - [quality filter](#quality-filter); - [length filter](#length-filter); - [low complexity filter](#low-complexity-filter); - [Other filter](#other-filter); - [adapters](#adapters); - [per read cutting by quality score](#per-read-cutting-by-quality-score); - [base correction for PE data](#base-correction-for-pe-data); - [global trimming](#global-trimming); - [polyG tail trimming](#polyg-tail-trimming); - [polyX tail trimming](#polyx-tail-trimming); - [unique molecular identifier (UMI) processing](#unique-molecular-identifier-umi-processing); - [UMI example](#umi-example); - [output splitting](#output-splitting); - [splitting by limiting file number](#splitting-by-limiting-file-number); - [splitting by limiting the lines of each file](#splitting-by-limiting-the-lines-of-each-file); - [overrepresented sequence analysis](#overrepresented-sequence-analysis); - [merge paired-end reads](#merge-paired-end-reads); - [duplication rate and deduplication](#duplication-rate-and-deduplication); - [duplication rate evaluation](#duplication-rate-evaluation); - [deduplication](#deduplication); - [all options](#all-options); - [citations](#citations).,MatchSource.DOCS,README.md,OpenGene,fastp,v0.23.4,,https://github.com/OpenGene/fastp/tree/v0.23.4/README.md,"The ease of combining the system with other systems or components, measured by integration cost and technical risks. Integrability considers the complexity and compatibility of interfaces, including syntactic, semantic, behavioral, and temporal alignment.","
You are an expert in evaluating and categorizing quality attributes in software engineering. You possess the necessary skills to distinguish sentences that clearly relate to a given quality attribute from those that do not. 

Evaluate whether the content accurately aligns with its associated quality attribute, given the context provided. Your goal is to determine if the content makes sense in relation to the quality attribute description or if it is a false positive.

Data:

Quality Attribute: Integrability
Attribute Description: The ease of combining the system with other systems or components, measured by integration cost and technical risks. Integrability considers the complexity and compatibility of interfaces, including syntactic, semantic, behavioral, and temporal alignment.
Content: ource); - [Step 1: download and build libisal](#step-1-download-and-build-libisal); - [step 2: download and build libdeflate](#step-2-download-and-build-libdeflate); - [Step 3: download and build fastp](#step-3-download-and-build-fastp); - [input and output](#input-and-output); - [output to STDOUT](#output-to-stdout); - [input from STDIN](#input-from-stdin); - [store the unpaired reads for PE data](#store-the-unpaired-reads-for-pe-data); - [store the reads that fail the filters](#store-the-reads-that-fail-the-filters); - [process only part of the data](#process-only-part-of-the-data); - [do not overwrite exiting files](#do-not-overwrite-exiting-files); - [split the output to multiple files for parallel processing](#split-the-output-to-multiple-files-for-parallel-processing); - [merge PE reads](#merge-pe-reads); - [filtering](#filtering); - [quality filter](#quality-filter); - [length filter](#length-filter); - [low complexity filter](#low-complexity-filter); - [Other filter](#other-filter); - [adapters](#adapters); - [per read cutting by quality score](#per-read-cutting-by-quality-score); - [base correction for PE data](#base-correction-for-pe-data); - [global trimming](#global-trimming); - [polyG tail trimming](#polyg-tail-trimming); - [polyX tail trimming](#polyx-tail-trimming); - [unique molecular identifier (UMI) processing](#unique-molecular-identifier-umi-processing); - [UMI example](#umi-example); - [output splitting](#output-splitting); - [splitting by limiting file number](#splitting-by-limiting-file-number); - [splitting by limiting the lines of each file](#splitting-by-limiting-the-lines-of-each-file); - [overrepresented sequence analysis](#overrepresented-sequence-analysis); - [merge paired-end reads](#merge-paired-end-reads); - [duplication rate and deduplication](#duplication-rate-and-deduplication); - [duplication rate evaluation](#duplication-rate-evaluation); - [deduplication](#deduplication); - [all options](#all-options); - [citations](#citations).

Instructions: 
1. Analyze the content and the attribute description.
2. Determine if the content accurately reflects the intended quality attribute in this context.
3. If it does, label it as an accurate match; if not, mark it as a false positive.
4. Output only the JSON object in response, without any additional explanation.
5. Ensure the JSON output is properly formatted. Escape any special characters or inner quotes in strings to ensure compatibility with JSON parsers. Within JSON strings use \"" to escape double quotes.

Output your response as a JSON object in the following format:
{
  ""false_positive"": <boolean>,
  ""reasoning"": ""<str>""
}
",True,"The provided content relates to various functionalities and technical steps involved in analyzing and processing sequencing data, rather than specifically addressing the quality attribute of integrability."
Modifiability,adapt,adapters,ource); - [Step 1: download and build libisal](#step-1-download-and-build-libisal); - [step 2: download and build libdeflate](#step-2-download-and-build-libdeflate); - [Step 3: download and build fastp](#step-3-download-and-build-fastp); - [input and output](#input-and-output); - [output to STDOUT](#output-to-stdout); - [input from STDIN](#input-from-stdin); - [store the unpaired reads for PE data](#store-the-unpaired-reads-for-pe-data); - [store the reads that fail the filters](#store-the-reads-that-fail-the-filters); - [process only part of the data](#process-only-part-of-the-data); - [do not overwrite exiting files](#do-not-overwrite-exiting-files); - [split the output to multiple files for parallel processing](#split-the-output-to-multiple-files-for-parallel-processing); - [merge PE reads](#merge-pe-reads); - [filtering](#filtering); - [quality filter](#quality-filter); - [length filter](#length-filter); - [low complexity filter](#low-complexity-filter); - [Other filter](#other-filter); - [adapters](#adapters); - [per read cutting by quality score](#per-read-cutting-by-quality-score); - [base correction for PE data](#base-correction-for-pe-data); - [global trimming](#global-trimming); - [polyG tail trimming](#polyg-tail-trimming); - [polyX tail trimming](#polyx-tail-trimming); - [unique molecular identifier (UMI) processing](#unique-molecular-identifier-umi-processing); - [UMI example](#umi-example); - [output splitting](#output-splitting); - [splitting by limiting file number](#splitting-by-limiting-file-number); - [splitting by limiting the lines of each file](#splitting-by-limiting-the-lines-of-each-file); - [overrepresented sequence analysis](#overrepresented-sequence-analysis); - [merge paired-end reads](#merge-paired-end-reads); - [duplication rate and deduplication](#duplication-rate-and-deduplication); - [duplication rate evaluation](#duplication-rate-evaluation); - [deduplication](#deduplication); - [all options](#all-options); - [citations](#citations).,MatchSource.DOCS,README.md,OpenGene,fastp,v0.23.4,,https://github.com/OpenGene/fastp/tree/v0.23.4/README.md,"The ease with which the system can be adapted by adding, removing, or modifying features, or adjusting to new environments. This attribute involves assessing the time, cost, and impact of changes, considering factors like coupling, cohesion, and the scope of modifications.","
You are an expert in evaluating and categorizing quality attributes in software engineering. You possess the necessary skills to distinguish sentences that clearly relate to a given quality attribute from those that do not. 

Evaluate whether the content accurately aligns with its associated quality attribute, given the context provided. Your goal is to determine if the content makes sense in relation to the quality attribute description or if it is a false positive.

Data:

Quality Attribute: Modifiability
Attribute Description: The ease with which the system can be adapted by adding, removing, or modifying features, or adjusting to new environments. This attribute involves assessing the time, cost, and impact of changes, considering factors like coupling, cohesion, and the scope of modifications.
Content: ource); - [Step 1: download and build libisal](#step-1-download-and-build-libisal); - [step 2: download and build libdeflate](#step-2-download-and-build-libdeflate); - [Step 3: download and build fastp](#step-3-download-and-build-fastp); - [input and output](#input-and-output); - [output to STDOUT](#output-to-stdout); - [input from STDIN](#input-from-stdin); - [store the unpaired reads for PE data](#store-the-unpaired-reads-for-pe-data); - [store the reads that fail the filters](#store-the-reads-that-fail-the-filters); - [process only part of the data](#process-only-part-of-the-data); - [do not overwrite exiting files](#do-not-overwrite-exiting-files); - [split the output to multiple files for parallel processing](#split-the-output-to-multiple-files-for-parallel-processing); - [merge PE reads](#merge-pe-reads); - [filtering](#filtering); - [quality filter](#quality-filter); - [length filter](#length-filter); - [low complexity filter](#low-complexity-filter); - [Other filter](#other-filter); - [adapters](#adapters); - [per read cutting by quality score](#per-read-cutting-by-quality-score); - [base correction for PE data](#base-correction-for-pe-data); - [global trimming](#global-trimming); - [polyG tail trimming](#polyg-tail-trimming); - [polyX tail trimming](#polyx-tail-trimming); - [unique molecular identifier (UMI) processing](#unique-molecular-identifier-umi-processing); - [UMI example](#umi-example); - [output splitting](#output-splitting); - [splitting by limiting file number](#splitting-by-limiting-file-number); - [splitting by limiting the lines of each file](#splitting-by-limiting-the-lines-of-each-file); - [overrepresented sequence analysis](#overrepresented-sequence-analysis); - [merge paired-end reads](#merge-paired-end-reads); - [duplication rate and deduplication](#duplication-rate-and-deduplication); - [duplication rate evaluation](#duplication-rate-evaluation); - [deduplication](#deduplication); - [all options](#all-options); - [citations](#citations).

Instructions: 
1. Analyze the content and the attribute description.
2. Determine if the content accurately reflects the intended quality attribute in this context.
3. If it does, label it as an accurate match; if not, mark it as a false positive.
4. Output only the JSON object in response, without any additional explanation.
5. Ensure the JSON output is properly formatted. Escape any special characters or inner quotes in strings to ensure compatibility with JSON parsers. Within JSON strings use \"" to escape double quotes.

Output your response as a JSON object in the following format:
{
  ""false_positive"": <boolean>,
  ""reasoning"": ""<str>""
}
",True,"The provided content is related to bioinformatics pipeline steps and does not directly relate to the quality attribute of modifiability, which concerns the ease of adapting a system."
Performance,perform,performance,[![install with conda](; https://anaconda.org/bioconda/fastp/badges/version.svg)](https://anaconda.org/bioconda/fastp); [![install with conda](; https://anaconda.org/bioconda/fastp/badges/downloads.svg)](https://anaconda.org/bioconda/fastp); [![DebianBadge](; https://badges.debian.net/badges/debian/unstable/fastp/version.svg)](https://packages.debian.org/unstable/fastp); [![fastp ci](https://github.com/OpenGene/fastp/actions/workflows/ci.yml/badge.svg?branch=master)](https://github.com/OpenGene/fastp/actions/workflows/ci.yml). # fastp; A tool designed to provide fast all-in-one preprocessing for FastQ files. This tool is developed in C++ with multithreading supported to afford high performance.; - [fastp](#fastp); - [features](#features); - [simple usage](#simple-usage); - [examples of report](#examples-of-report); - [get fastp](#get-fastp); - [install with Bioconda](#install-with-bioconda); - [or download the latest prebuilt binary for Linux users](#or-download-the-latest-prebuilt-binary-for-linux-users); - [or compile from source](#or-compile-from-source); - [Step 1: download and build libisal](#step-1-download-and-build-libisal); - [step 2: download and build libdeflate](#step-2-download-and-build-libdeflate); - [Step 3: download and build fastp](#step-3-download-and-build-fastp); - [input and output](#input-and-output); - [output to STDOUT](#output-to-stdout); - [input from STDIN](#input-from-stdin); - [store the unpaired reads for PE data](#store-the-unpaired-reads-for-pe-data); - [store the reads that fail the filters](#store-the-reads-that-fail-the-filters); - [process only part of the data](#process-only-part-of-the-data); - [do not overwrite exiting files](#do-not-overwrite-exiting-files); - [split the output to multiple files for parallel processing](#split-the-output-to-multiple-files-for-parallel-processing); - [merge PE reads](#merge-pe-reads); - [filtering](#filtering); - [quality filter](#quality-filter); - [length filter](#length-filter); - [low compl,MatchSource.DOCS,README.md,OpenGene,fastp,v0.23.4,,https://github.com/OpenGene/fastp/tree/v0.23.4/README.md,"The system’s capacity to meet its timing requirements, managing event handling and response times effectively. Performance focuses on reducing blocked time from resource contention and optimizing resource utilization under varying load conditions.","
You are an expert in evaluating and categorizing quality attributes in software engineering. You possess the necessary skills to distinguish sentences that clearly relate to a given quality attribute from those that do not. 

Evaluate whether the content accurately aligns with its associated quality attribute, given the context provided. Your goal is to determine if the content makes sense in relation to the quality attribute description or if it is a false positive.

Data:

Quality Attribute: Performance
Attribute Description: The system’s capacity to meet its timing requirements, managing event handling and response times effectively. Performance focuses on reducing blocked time from resource contention and optimizing resource utilization under varying load conditions.
Content: [![install with conda](; https://anaconda.org/bioconda/fastp/badges/version.svg)](https://anaconda.org/bioconda/fastp); [![install with conda](; https://anaconda.org/bioconda/fastp/badges/downloads.svg)](https://anaconda.org/bioconda/fastp); [![DebianBadge](; https://badges.debian.net/badges/debian/unstable/fastp/version.svg)](https://packages.debian.org/unstable/fastp); [![fastp ci](https://github.com/OpenGene/fastp/actions/workflows/ci.yml/badge.svg?branch=master)](https://github.com/OpenGene/fastp/actions/workflows/ci.yml). # fastp; A tool designed to provide fast all-in-one preprocessing for FastQ files. This tool is developed in C++ with multithreading supported to afford high performance.; - [fastp](#fastp); - [features](#features); - [simple usage](#simple-usage); - [examples of report](#examples-of-report); - [get fastp](#get-fastp); - [install with Bioconda](#install-with-bioconda); - [or download the latest prebuilt binary for Linux users](#or-download-the-latest-prebuilt-binary-for-linux-users); - [or compile from source](#or-compile-from-source); - [Step 1: download and build libisal](#step-1-download-and-build-libisal); - [step 2: download and build libdeflate](#step-2-download-and-build-libdeflate); - [Step 3: download and build fastp](#step-3-download-and-build-fastp); - [input and output](#input-and-output); - [output to STDOUT](#output-to-stdout); - [input from STDIN](#input-from-stdin); - [store the unpaired reads for PE data](#store-the-unpaired-reads-for-pe-data); - [store the reads that fail the filters](#store-the-reads-that-fail-the-filters); - [process only part of the data](#process-only-part-of-the-data); - [do not overwrite exiting files](#do-not-overwrite-exiting-files); - [split the output to multiple files for parallel processing](#split-the-output-to-multiple-files-for-parallel-processing); - [merge PE reads](#merge-pe-reads); - [filtering](#filtering); - [quality filter](#quality-filter); - [length filter](#length-filter); - [low compl

Instructions: 
1. Analyze the content and the attribute description.
2. Determine if the content accurately reflects the intended quality attribute in this context.
3. If it does, label it as an accurate match; if not, mark it as a false positive.
4. Output only the JSON object in response, without any additional explanation.
5. Ensure the JSON output is properly formatted. Escape any special characters or inner quotes in strings to ensure compatibility with JSON parsers. Within JSON strings use \"" to escape double quotes.

Output your response as a JSON object in the following format:
{
  ""false_positive"": <boolean>,
  ""reasoning"": ""<str>""
}
",True,"The provided content describes a tool called 'fastp' designed for preprocessing FastQ files, primarily focusing on speed and efficiency. While performance is mentioned in the title, the content primarily revolves around installation, usage, and features of the tool, rather than addressing the system's capacity to meet timing requirements or resource utilization."
Safety,detect,detected,"#splitting-by-limiting-file-number); - [splitting by limiting the lines of each file](#splitting-by-limiting-the-lines-of-each-file); - [overrepresented sequence analysis](#overrepresented-sequence-analysis); - [merge paired-end reads](#merge-paired-end-reads); - [duplication rate and deduplication](#duplication-rate-and-deduplication); - [duplication rate evaluation](#duplication-rate-evaluation); - [deduplication](#deduplication); - [all options](#all-options); - [citations](#citations). # features; 0. comprehensive quality profiling for both before and after filtering data (quality curves, base contents, KMER, Q20/Q30, GC Ratio, duplication, adapter contents...); 1. filter out bad reads (too low quality, too short, or too many N...); 2. cut low quality bases for per read in its 5' and 3' by evaluating the mean quality from a sliding window (like Trimmomatic but faster).; 3. trim all reads in front and tail; 4. cut adapters. Adapter sequences can be automatically detected, which means you don't have to input the adapter sequences to trim them.; 5. correct mismatched base pairs in overlapped regions of paired end reads, if one base is with high quality while the other is with ultra low quality; 6. trim polyG in 3' ends, which is commonly seen in NovaSeq/NextSeq data. Trim polyX in 3' ends to remove unwanted polyX tailing (i.e. polyA tailing for mRNA-Seq data); 7. preprocess unique molecular identifier (UMI) enabled data, shift UMI to sequence name.; 8. report JSON format result for further interpreting.; 9. visualize quality control and filtering results on a single HTML page (like FASTQC but faster and more informative).; 10. split the output to multiple files (0001.R1.gz, 0002.R1.gz...) to support parallel processing. Two modes can be used, limiting the total split file number, or limitting the lines of each split file.; 11. support long reads (data from PacBio / Nanopore devices).; 12. support reading from STDIN and writing to STDOUT; 13. support interleaved inpu",MatchSource.DOCS,README.md,OpenGene,fastp,v0.23.4,,https://github.com/OpenGene/fastp/tree/v0.23.4/README.md,"The system’s ability to avoid states that could lead to harm or damage. Safety encompasses detection and handling of errors (e.g., omissions, timing, incorrect values) to prevent hazardous outcomes or mitigate potential damage.","
You are an expert in evaluating and categorizing quality attributes in software engineering. You possess the necessary skills to distinguish sentences that clearly relate to a given quality attribute from those that do not. 

Evaluate whether the content accurately aligns with its associated quality attribute, given the context provided. Your goal is to determine if the content makes sense in relation to the quality attribute description or if it is a false positive.

Data:

Quality Attribute: Safety
Attribute Description: The system’s ability to avoid states that could lead to harm or damage. Safety encompasses detection and handling of errors (e.g., omissions, timing, incorrect values) to prevent hazardous outcomes or mitigate potential damage.
Content: #splitting-by-limiting-file-number); - [splitting by limiting the lines of each file](#splitting-by-limiting-the-lines-of-each-file); - [overrepresented sequence analysis](#overrepresented-sequence-analysis); - [merge paired-end reads](#merge-paired-end-reads); - [duplication rate and deduplication](#duplication-rate-and-deduplication); - [duplication rate evaluation](#duplication-rate-evaluation); - [deduplication](#deduplication); - [all options](#all-options); - [citations](#citations). # features; 0. comprehensive quality profiling for both before and after filtering data (quality curves, base contents, KMER, Q20/Q30, GC Ratio, duplication, adapter contents...); 1. filter out bad reads (too low quality, too short, or too many N...); 2. cut low quality bases for per read in its 5' and 3' by evaluating the mean quality from a sliding window (like Trimmomatic but faster).; 3. trim all reads in front and tail; 4. cut adapters. Adapter sequences can be automatically detected, which means you don't have to input the adapter sequences to trim them.; 5. correct mismatched base pairs in overlapped regions of paired end reads, if one base is with high quality while the other is with ultra low quality; 6. trim polyG in 3' ends, which is commonly seen in NovaSeq/NextSeq data. Trim polyX in 3' ends to remove unwanted polyX tailing (i.e. polyA tailing for mRNA-Seq data); 7. preprocess unique molecular identifier (UMI) enabled data, shift UMI to sequence name.; 8. report JSON format result for further interpreting.; 9. visualize quality control and filtering results on a single HTML page (like FASTQC but faster and more informative).; 10. split the output to multiple files (0001.R1.gz, 0002.R1.gz...) to support parallel processing. Two modes can be used, limiting the total split file number, or limitting the lines of each split file.; 11. support long reads (data from PacBio / Nanopore devices).; 12. support reading from STDIN and writing to STDOUT; 13. support interleaved inpu

Instructions: 
1. Analyze the content and the attribute description.
2. Determine if the content accurately reflects the intended quality attribute in this context.
3. If it does, label it as an accurate match; if not, mark it as a false positive.
4. Output only the JSON object in response, without any additional explanation.
5. Ensure the JSON output is properly formatted. Escape any special characters or inner quotes in strings to ensure compatibility with JSON parsers. Within JSON strings use \"" to escape double quotes.

Output your response as a JSON object in the following format:
{
  ""false_positive"": <boolean>,
  ""reasoning"": ""<str>""
}
",True,"The provided content relates to data processing and quality control in sequencing analysis, rather than safety, which is the specified quality attribute."
Security,hash,hash,"hich has adjustable parameters `overlap_len_require (default 30)`, `overlap_diff_limit (default 5)` and `overlap_diff_percent_limit (default 20%)`. Please note that the reads should meet these three conditions simultaneously. # duplication rate and deduplication; For both SE and PE data, fastp supports evaluating its duplication rate and removing duplicated reads/pairs. fastp considers one read as duplicated only if its all base pairs are identical as another one. This meas if there is a sequencing error or an N base, the read will not be treated as duplicated. ## duplication rate evaluation; By default, fastp evaluates duplication rate, and this module may use 1G memory and take 10% ~ 20% more running time. If you don't need the duplication rate information, you can set `--dont_eval_duplication` to disable the duplication evaluation. But please be noted that, if deduplication (`--dedup`) option is enabled, then `--dont_eval_duplication` option is ignored. fastp uses a hash algorithm to find the identical sequences. Due to the possible hash collision, about 0.01% of the total reads may be wrongly recognized as deduplicated reads. Normally this may not impact the downstream analysis. The accuracy of calculating duplication can be improved by increasing the hash buffer number or enlarge the buffer size. The option `--dup_calc_accuracy` can be used to specify the level (1 ~ 6). The higher level means more memory usage and more running time. Please refer to following table:. | dup_calc_accuracy level | hash buffer number | buffer size | memory usage | speed | |; |- | - | - | - | - | - |; | 1 | 1 | 1G | 1G | ultra-fast | default for no-dedup mode |; | 2 | 1 | 2G | 2G | fast | |; | 3 | 2 | 2G | 4G | fast | default for dedup|; | 4 | 2 | 4G | 8G | fast | |; | 5 | 2 | 8G | 12G | fast | |; | 6 | 3 | 8G | 24G | moderate | |. ## deduplication; Since `v0.22.0`, fastp supports deduplication for FASTQ data. Specify `-D` or `--dedup` to enable this option. When `--dedup` is enabled,",MatchSource.DOCS,README.md,OpenGene,fastp,v0.23.4,,https://github.com/OpenGene/fastp/tree/v0.23.4/README.md,"The system’s ability to safeguard information against unauthorized access, while permitting authorized access. Security emphasizes confidentiality, integrity, and availability, using tactics to detect, prevent, and respond to attacks.","
You are an expert in evaluating and categorizing quality attributes in software engineering. You possess the necessary skills to distinguish sentences that clearly relate to a given quality attribute from those that do not. 

Evaluate whether the content accurately aligns with its associated quality attribute, given the context provided. Your goal is to determine if the content makes sense in relation to the quality attribute description or if it is a false positive.

Data:

Quality Attribute: Security
Attribute Description: The system’s ability to safeguard information against unauthorized access, while permitting authorized access. Security emphasizes confidentiality, integrity, and availability, using tactics to detect, prevent, and respond to attacks.
Content: hich has adjustable parameters `overlap_len_require (default 30)`, `overlap_diff_limit (default 5)` and `overlap_diff_percent_limit (default 20%)`. Please note that the reads should meet these three conditions simultaneously. # duplication rate and deduplication; For both SE and PE data, fastp supports evaluating its duplication rate and removing duplicated reads/pairs. fastp considers one read as duplicated only if its all base pairs are identical as another one. This meas if there is a sequencing error or an N base, the read will not be treated as duplicated. ## duplication rate evaluation; By default, fastp evaluates duplication rate, and this module may use 1G memory and take 10% ~ 20% more running time. If you don't need the duplication rate information, you can set `--dont_eval_duplication` to disable the duplication evaluation. But please be noted that, if deduplication (`--dedup`) option is enabled, then `--dont_eval_duplication` option is ignored. fastp uses a hash algorithm to find the identical sequences. Due to the possible hash collision, about 0.01% of the total reads may be wrongly recognized as deduplicated reads. Normally this may not impact the downstream analysis. The accuracy of calculating duplication can be improved by increasing the hash buffer number or enlarge the buffer size. The option `--dup_calc_accuracy` can be used to specify the level (1 ~ 6). The higher level means more memory usage and more running time. Please refer to following table:. | dup_calc_accuracy level | hash buffer number | buffer size | memory usage | speed | |; |- | - | - | - | - | - |; | 1 | 1 | 1G | 1G | ultra-fast | default for no-dedup mode |; | 2 | 1 | 2G | 2G | fast | |; | 3 | 2 | 2G | 4G | fast | default for dedup|; | 4 | 2 | 4G | 8G | fast | |; | 5 | 2 | 8G | 12G | fast | |; | 6 | 3 | 8G | 24G | moderate | |. ## deduplication; Since `v0.22.0`, fastp supports deduplication for FASTQ data. Specify `-D` or `--dedup` to enable this option. When `--dedup` is enabled,

Instructions: 
1. Analyze the content and the attribute description.
2. Determine if the content accurately reflects the intended quality attribute in this context.
3. If it does, label it as an accurate match; if not, mark it as a false positive.
4. Output only the JSON object in response, without any additional explanation.
5. Ensure the JSON output is properly formatted. Escape any special characters or inner quotes in strings to ensure compatibility with JSON parsers. Within JSON strings use \"" to escape double quotes.

Output your response as a JSON object in the following format:
{
  ""false_positive"": <boolean>,
  ""reasoning"": ""<str>""
}
",True,"The provided content relates to deduplication and duplication evaluation features of a sequencing analysis tool, rather than security, which is the specified quality attribute."
Testability,test,tested," 15. ... If you find a bug or have additional requirement for `fastp`, please file an issue:https://github.com/OpenGene/fastp/issues/new. # simple usage; * for single end data (not compressed); ```; fastp -i in.fq -o out.fq; ```; * for paired end data (gzip compressed); ```; fastp -i in.R1.fq.gz -I in.R2.fq.gz -o out.R1.fq.gz -O out.R2.fq.gz; ```; By default, the HTML report is saved to `fastp.html` (can be specified with `-h` option), and the JSON report is saved to `fastp.json` (can be specified with `-j` option). # examples of report; `fastp` creates reports in both HTML and JSON format.; * HTML report: http://opengene.org/fastp/fastp.html; * JSON report: http://opengene.org/fastp/fastp.json. # get fastp; ## install with Bioconda; [![install with conda](; https://anaconda.org/bioconda/fastp/badges/version.svg)](https://anaconda.org/bioconda/fastp); ```shell; # note: the fastp version in bioconda may be not the latest; conda install -c bioconda fastp; ```; ## or download the latest prebuilt binary for Linux users; This binary was compiled on CentOS, and tested on CentOS/Ubuntu; ```shell; # download the latest build; wget http://opengene.org/fastp/fastp; chmod a+x ./fastp. # or download specified version, i.e. fastp v0.23.1; wget http://opengene.org/fastp/fastp.0.23.1; mv fastp.0.23.1 fastp; chmod a+x ./fastp; ```; ## or compile from source; `fastp` depends on `libdeflate` and `libisal`, while `libisal` is not compatible with gcc 4.8. If you use gcc 4.8, your fastp will fail to run. Please upgrade your gcc before you build the libraries and fastp. ### Step 1: download and build libisal; See https://github.com/intel/isa-l; `autoconf`, `automake`, `libtools`, `nasm (>=v2.11.01)` and `yasm (>=1.2.0)` are required to build this isal; ```shell; git clone https://github.com/intel/isa-l.git; cd isa-l; ./autogen.sh; ./configure --prefix=/usr --libdir=/usr/lib64; make; sudo make install; ```. ### step 2: download and build libdeflate; See https://github.com/ebiggers/libdefl",MatchSource.DOCS,README.md,OpenGene,fastp,v0.23.4,,https://github.com/OpenGene/fastp/tree/v0.23.4/README.md,"The ease of validating software functionality through testing, enabling fault detection. This includes controlling and observing the system’s state, reducing complexity, and facilitating the creation of test cases and oracles.","
You are an expert in evaluating and categorizing quality attributes in software engineering. You possess the necessary skills to distinguish sentences that clearly relate to a given quality attribute from those that do not. 

Evaluate whether the content accurately aligns with its associated quality attribute, given the context provided. Your goal is to determine if the content makes sense in relation to the quality attribute description or if it is a false positive.

Data:

Quality Attribute: Testability
Attribute Description: The ease of validating software functionality through testing, enabling fault detection. This includes controlling and observing the system’s state, reducing complexity, and facilitating the creation of test cases and oracles.
Content:  15. ... If you find a bug or have additional requirement for `fastp`, please file an issue:https://github.com/OpenGene/fastp/issues/new. # simple usage; * for single end data (not compressed); ```; fastp -i in.fq -o out.fq; ```; * for paired end data (gzip compressed); ```; fastp -i in.R1.fq.gz -I in.R2.fq.gz -o out.R1.fq.gz -O out.R2.fq.gz; ```; By default, the HTML report is saved to `fastp.html` (can be specified with `-h` option), and the JSON report is saved to `fastp.json` (can be specified with `-j` option). # examples of report; `fastp` creates reports in both HTML and JSON format.; * HTML report: http://opengene.org/fastp/fastp.html; * JSON report: http://opengene.org/fastp/fastp.json. # get fastp; ## install with Bioconda; [![install with conda](; https://anaconda.org/bioconda/fastp/badges/version.svg)](https://anaconda.org/bioconda/fastp); ```shell; # note: the fastp version in bioconda may be not the latest; conda install -c bioconda fastp; ```; ## or download the latest prebuilt binary for Linux users; This binary was compiled on CentOS, and tested on CentOS/Ubuntu; ```shell; # download the latest build; wget http://opengene.org/fastp/fastp; chmod a+x ./fastp. # or download specified version, i.e. fastp v0.23.1; wget http://opengene.org/fastp/fastp.0.23.1; mv fastp.0.23.1 fastp; chmod a+x ./fastp; ```; ## or compile from source; `fastp` depends on `libdeflate` and `libisal`, while `libisal` is not compatible with gcc 4.8. If you use gcc 4.8, your fastp will fail to run. Please upgrade your gcc before you build the libraries and fastp. ### Step 1: download and build libisal; See https://github.com/intel/isa-l; `autoconf`, `automake`, `libtools`, `nasm (>=v2.11.01)` and `yasm (>=1.2.0)` are required to build this isal; ```shell; git clone https://github.com/intel/isa-l.git; cd isa-l; ./autogen.sh; ./configure --prefix=/usr --libdir=/usr/lib64; make; sudo make install; ```. ### step 2: download and build libdeflate; See https://github.com/ebiggers/libdefl

Instructions: 
1. Analyze the content and the attribute description.
2. Determine if the content accurately reflects the intended quality attribute in this context.
3. If it does, label it as an accurate match; if not, mark it as a false positive.
4. Output only the JSON object in response, without any additional explanation.
5. Ensure the JSON output is properly formatted. Escape any special characters or inner quotes in strings to ensure compatibility with JSON parsers. Within JSON strings use \"" to escape double quotes.

Output your response as a JSON object in the following format:
{
  ""false_positive"": <boolean>,
  ""reasoning"": ""<str>""
}
",True,"The provided content relates to installation, usage, and compilation instructions for the `fastp` command-line tool, rather than its testability quality attribute."
Usability,simpl,simple,; - [fastp](#fastp); - [features](#features); - [simple usage](#simple-usage); - [examples of report](#examples-of-report); - [get fastp](#get-fastp); - [install with Bioconda](#install-with-bioconda); - [or download the latest prebuilt binary for Linux users](#or-download-the-latest-prebuilt-binary-for-linux-users); - [or compile from source](#or-compile-from-source); - [Step 1: download and build libisal](#step-1-download-and-build-libisal); - [step 2: download and build libdeflate](#step-2-download-and-build-libdeflate); - [Step 3: download and build fastp](#step-3-download-and-build-fastp); - [input and output](#input-and-output); - [output to STDOUT](#output-to-stdout); - [input from STDIN](#input-from-stdin); - [store the unpaired reads for PE data](#store-the-unpaired-reads-for-pe-data); - [store the reads that fail the filters](#store-the-reads-that-fail-the-filters); - [process only part of the data](#process-only-part-of-the-data); - [do not overwrite exiting files](#do-not-overwrite-exiting-files); - [split the output to multiple files for parallel processing](#split-the-output-to-multiple-files-for-parallel-processing); - [merge PE reads](#merge-pe-reads); - [filtering](#filtering); - [quality filter](#quality-filter); - [length filter](#length-filter); - [low compl,MatchSource.DOCS,README.md,OpenGene,fastp,v0.23.4,,https://github.com/OpenGene/fastp/tree/v0.23.4/README.md,"The degree to which users can effectively and efficiently accomplish tasks, including support for error recovery and user satisfaction. Usability covers ease of learning, efficient usage, and adaptability to user needs.","
You are an expert in evaluating and categorizing quality attributes in software engineering. You possess the necessary skills to distinguish sentences that clearly relate to a given quality attribute from those that do not. 

Evaluate whether the content accurately aligns with its associated quality attribute, given the context provided. Your goal is to determine if the content makes sense in relation to the quality attribute description or if it is a false positive.

Data:

Quality Attribute: Usability
Attribute Description: The degree to which users can effectively and efficiently accomplish tasks, including support for error recovery and user satisfaction. Usability covers ease of learning, efficient usage, and adaptability to user needs.
Content: ; - [fastp](#fastp); - [features](#features); - [simple usage](#simple-usage); - [examples of report](#examples-of-report); - [get fastp](#get-fastp); - [install with Bioconda](#install-with-bioconda); - [or download the latest prebuilt binary for Linux users](#or-download-the-latest-prebuilt-binary-for-linux-users); - [or compile from source](#or-compile-from-source); - [Step 1: download and build libisal](#step-1-download-and-build-libisal); - [step 2: download and build libdeflate](#step-2-download-and-build-libdeflate); - [Step 3: download and build fastp](#step-3-download-and-build-fastp); - [input and output](#input-and-output); - [output to STDOUT](#output-to-stdout); - [input from STDIN](#input-from-stdin); - [store the unpaired reads for PE data](#store-the-unpaired-reads-for-pe-data); - [store the reads that fail the filters](#store-the-reads-that-fail-the-filters); - [process only part of the data](#process-only-part-of-the-data); - [do not overwrite exiting files](#do-not-overwrite-exiting-files); - [split the output to multiple files for parallel processing](#split-the-output-to-multiple-files-for-parallel-processing); - [merge PE reads](#merge-pe-reads); - [filtering](#filtering); - [quality filter](#quality-filter); - [length filter](#length-filter); - [low compl

Instructions: 
1. Analyze the content and the attribute description.
2. Determine if the content accurately reflects the intended quality attribute in this context.
3. If it does, label it as an accurate match; if not, mark it as a false positive.
4. Output only the JSON object in response, without any additional explanation.
5. Ensure the JSON output is properly formatted. Escape any special characters or inner quotes in strings to ensure compatibility with JSON parsers. Within JSON strings use \"" to escape double quotes.

Output your response as a JSON object in the following format:
{
  ""false_positive"": <boolean>,
  ""reasoning"": ""<str>""
}
",True,"The provided content focuses on installation, technical details, and command-line options related to a bioinformatics tool. This does not align with the description of usability, which concerns the ease of use, efficiency, and user satisfaction for a software application."
