quality_attribute,sentence,source,author,repo,version,id,keyword,matched_word,match_idx,filename,wiki,url,total_similar,target_keywords,target_matched_words,word_count,format_prompt,to_eliminate,reason
Energy Efficiency,"# We'll store the nodes as a flattened list too, because; # we don't just care about the leaves of the tree - sometimes; # we'll need efficient access to intermediate nodes, and the tree; # is tiny anyway.
",MatchSource.CODE_COMMENT,allenai,scispacy,v0.5.5,https://github.com/allenai/scispacy/tree/v0.5.5/scispacy/umls_semantic_type_tree.py:134,efficient,efficient,134,scispacy/umls_semantic_type_tree.py,https://allenai.github.io/scispacy/,https://github.com/allenai/scispacy/tree/v0.5.5/scispacy/umls_semantic_type_tree.py,1,['efficient'],['efficient'],37,"
You are an expert in analyzing and categorizing text content. Your task is to evaluate whether the given **target content** should be filtered out, based on whether it consists of meaningful human-written prose or instead mainly contains programmatic or technical artifacts like logs or code.

## Instructions:
For each input, return:
1. `to_eliminate`: true or false — should this content be eliminated?
2. `reasoning`: Brief explanation of why the decision was made.

### Eliminate content that consists primarily of:
- Code snippets or program structure  
  *(e.g., `if/else`, `for` loops, brackets, language-specific syntax or keywords)*
- Program output, logs, or error traces  
  *(e.g., timestamps, error codes, stack traces, test failures)*
- Configuration files, scripts, or build system output  
  *(e.g., YAML, JSON, shell scripts, Makefiles, CMake output, compiler warnings)*
- Version control metadata or commit messages  
  *(e.g., diffs, git logs, merge info, file paths with change indicators)*
- API documentation or technical interface specifications  
  *(e.g., function signatures, parameter lists, return types, type annotations, code-style formatting like `Args:`, `Returns:`)*

### Keep content that:
- Does **not** fall primarily into any of the elimination categories
- Conveys **insight, explanation, or information** intended for human interpretation
- Includes **expository or analytical discussion**, even if highly specialized, formal, or domain-specific (e.g., scientific, academic, technical, or medical writing)
- May contain structured or technical language, as long as it is **not primarily in the format of code, logs, or machine output**

## Examples (for reference only – do not analyze):

### Example 1
**Content:** Build failed on ROOT-ubuntu2004/python3.; Running on root-ubuntu-2004-3.cern.ch:/home/sftnight/build/workspace/root-pullrequests-build; [See console output](https://lcgapp-services.cern.ch/root-jenkins/job/root-pullrequests-build/183837/console).; ### Failing tests:; - [projectroot.test.test_stressgraphics_interpreted](https://lcgapp-services.cern.ch/root-jenkins/job/root-pullrequests-build/183837/testReport/projectroot/test/test_stressgraphics_interpreted/)
**Answer:**
to_eliminate: true
reasoning: The content only consists of logs and no other text.

### Example 2
**Content:** recision><conversion specifier>`` where:. * ``#`` is an optional flag available for hex values (see; ``<conversion specifier>`` below) which requires the value matched to be; prefixed by ``0x``.; * ``.<precision>`` is an optional printf-style precision specifier in which; ``<precision>`` indicates the minimum number of digits that the value matched; must have, expecting leading zeros if needed. * ``<conversion specifier>`` is an optional scanf-style conversion specifier; to indicate what number format to match (e.g. hex number). Currently; accepted format specifiers are ``%u``, ``%d``, ``%x`` and ``%X``. If absent,; the format specifier defaults to ``%u``. For example:. .. code-block:: llvm. ; CHECK: mov r[[#REG:]], 0x[[#%.8X,ADDR:]]. would match ``mov r5, 0x0000FEFE`` and set ``REG`` to the value ``5`` and; ``ADDR`` to the value ``0xFEFE``. Note that due to the precision it would fail; to match ``mov r5, 0xFEFE``. As a result of the numeric variable definition being optional, it is possible; to only check that a numeric value is present in a given format. This can be; useful when the value itself is not useful, for instance:. .. code-block:: gas. ; CHECK-NOT: mov r0, r[[#]]. to check that a value is synthesized rather than moved around. The syntax of a numeric substitution is; ``[[#%<fmtspec>, <constraint> <expr>]]`` where:. * ``<fmtspec>`` is the same format specifier as for defining a variable but; in this context indicating how a numeric expression value should be matched; against. If absent, both components of the format specifier are inferred from; the matching format of the numeric variable(s) used by the expression; constraint if any, and defaults to ``%u`` if no numeric variable is used,; denoting that the value should be unsigned with no leading zeros. In case of; conflict between format specifiers of several numeric variables, the; conversion specifier becomes mandatory but the precision specifier remains; optional. * ``<constraint>`` is the constraint de
**Answer:**
to_eliminate: true
reasoning: The content only consists of programmatic interface description and no other text.

### Example 3
**Content:** I've been testing the latest updates on our scientific computing framework, and I'm impressed by the improvements in performance. The new parallelization strategy has reduced our simulation times by about 30% on our cluster. However, I noticed that memory usage spikes significantly when handling large datasets. Perhaps we could explore more efficient data structures or caching mechanisms to mitigate this issue? @TeamLead, would it be possible to allocate some resources to investigate this further?
**Answer:**
to_eliminate: false
reasoning: The content contains meaningful human-written sentences in natural language

### Example 4
**Content:** I've been experimenting with the GPU acceleration patches in this PR, and the results are promising. We're seeing a significant boost in matrix operations, which is crucial for our machine learning models. However, I encountered some inconsistencies when running on different GPU architectures. It might be beneficial to add more comprehensive tests to ensure compatibility across various hardware configurations. @DevTeam, could we discuss implementing a more robust testing framework for this?
**Answer:**
to_eliminate: false
reasoning: The content contains meaningful human-written sentences in natural language

### Example 5
**Content:** I've been exploring the energy efficiency improvements in our latest scientific computing framework, and I'm excited about the potential savings. By implementing parallelization strategies and optimizing data structures, we've reduced energy consumption by approximately 25% on our cluster. However, I think we could further enhance this by integrating tools like EnergyMeter to monitor and optimize energy usage in real-time. Additionally, exploring autotuning frameworks like ytopt could help balance performance and energy efficiency across different hardware configurations. @DevTeam, would it be feasible to allocate resources for integrating these tools and conducting a comprehensive energy efficiency analysis?
**Answer:**
to_eliminate: false
reasoning: The content contains meaningful human-written sentences in natural language

### Example 6
**Content:** is relatively simple;; they ultimately form a linked list of every clobber that dominates the; ``MemoryAccess`` that you're trying to optimize. In other words, the; ``definingAccess`` of a ``MemoryDef`` is always the nearest dominating; ``MemoryDef`` or ``MemoryPhi`` of said ``MemoryDef``. Use and Def optimization; ------------------------. ``MemoryUse``\ s keep a single operand, which is their defining or optimized; access.; Traditionally ``MemorySSA`` optimized ``MemoryUse``\ s at build-time, up to a; given threshold.; Specifically, the operand of every ``MemoryUse`` was optimized to point to the; actual clobber of said ``MemoryUse``. This can be seen in the above example; the; second ``MemoryUse`` in ``if.end`` has an operand of ``1``, which is a; ``MemoryDef`` from the entry block. This is done to make walking,; value numbering, etc, faster and easier.; As of `this revision <https://reviews.llvm.org/D121381>`_, the default was; changed to not optimize uses at build time, in order to provide the option to; reduce compile-time if the walking is not necessary in a pass. Most users call; the new API ``ensureOptimizedUses()`` to keep the previous behavior and do a; one-time optimization of ``MemoryUse``\ s, if this was not done before.; New pass users are recommended to call ``ensureOptimizedUses()``. Initially it was not possible to optimize ``MemoryDef``\ s in the same way, as we; restricted ``MemorySSA`` to one operand per access.; This was changed and ``MemoryDef``\ s now keep two operands.; The first one, the defining access, is; always the previous ``MemoryDef`` or ``MemoryPhi`` in the same basic block, or; the last one in a dominating predecessor if the current block doesn't have any; other accesses writing to memory. This is needed for walking Def chains.; The second operand is the optimized access, if there was a previous call on the; walker's ``getClobberingMemoryAccess(MA)``. This API will cache information; as part of ``MA``.; Optimizing all ``MemoryDef``
**Answer:**
to_eliminate: false
reasoning: The content contains meaningful human-written sentences in natural language discussing testing experiences
and performance improvements.

---

## Now analyze ONLY the following content:

**Content to evaluate:**  
# We'll store the nodes as a flattened list too, because; # we don't just care about the leaves of the tree - sometimes; # we'll need efficient access to intermediate nodes, and the tree; # is tiny anyway.

",False,"The content consists of comments explaining implementation choices, which are meant for human interpretation."
Testability,"""""""Helper function that returns the prefix pattern for the tokenizer.; It is a helper function to accomodate spacy tests that only test; prefixes.; """"""",MatchSource.CODE_COMMENT,allenai,scispacy,v0.5.5,https://github.com/allenai/scispacy/tree/v0.5.5/scispacy/custom_tokenizer.py:115,test,tests,115,scispacy/custom_tokenizer.py,https://allenai.github.io/scispacy/,https://github.com/allenai/scispacy/tree/v0.5.5/scispacy/custom_tokenizer.py,2,['test'],"['test', 'tests']",23,"
You are an expert in analyzing and categorizing text content. Your task is to evaluate whether the given **target content** should be filtered out, based on whether it consists of meaningful human-written prose or instead mainly contains programmatic or technical artifacts like logs or code.

## Instructions:
For each input, return:
1. `to_eliminate`: true or false — should this content be eliminated?
2. `reasoning`: Brief explanation of why the decision was made.

### Eliminate content that consists primarily of:
- Code snippets or program structure  
  *(e.g., `if/else`, `for` loops, brackets, language-specific syntax or keywords)*
- Program output, logs, or error traces  
  *(e.g., timestamps, error codes, stack traces, test failures)*
- Configuration files, scripts, or build system output  
  *(e.g., YAML, JSON, shell scripts, Makefiles, CMake output, compiler warnings)*
- Version control metadata or commit messages  
  *(e.g., diffs, git logs, merge info, file paths with change indicators)*
- API documentation or technical interface specifications  
  *(e.g., function signatures, parameter lists, return types, type annotations, code-style formatting like `Args:`, `Returns:`)*

### Keep content that:
- Does **not** fall primarily into any of the elimination categories
- Conveys **insight, explanation, or information** intended for human interpretation
- Includes **expository or analytical discussion**, even if highly specialized, formal, or domain-specific (e.g., scientific, academic, technical, or medical writing)
- May contain structured or technical language, as long as it is **not primarily in the format of code, logs, or machine output**

## Examples (for reference only – do not analyze):

### Example 1
**Content:** Build failed on ROOT-ubuntu2004/python3.; Running on root-ubuntu-2004-3.cern.ch:/home/sftnight/build/workspace/root-pullrequests-build; [See console output](https://lcgapp-services.cern.ch/root-jenkins/job/root-pullrequests-build/183837/console).; ### Failing tests:; - [projectroot.test.test_stressgraphics_interpreted](https://lcgapp-services.cern.ch/root-jenkins/job/root-pullrequests-build/183837/testReport/projectroot/test/test_stressgraphics_interpreted/)
**Answer:**
to_eliminate: true
reasoning: The content only consists of logs and no other text.

### Example 2
**Content:** recision><conversion specifier>`` where:. * ``#`` is an optional flag available for hex values (see; ``<conversion specifier>`` below) which requires the value matched to be; prefixed by ``0x``.; * ``.<precision>`` is an optional printf-style precision specifier in which; ``<precision>`` indicates the minimum number of digits that the value matched; must have, expecting leading zeros if needed. * ``<conversion specifier>`` is an optional scanf-style conversion specifier; to indicate what number format to match (e.g. hex number). Currently; accepted format specifiers are ``%u``, ``%d``, ``%x`` and ``%X``. If absent,; the format specifier defaults to ``%u``. For example:. .. code-block:: llvm. ; CHECK: mov r[[#REG:]], 0x[[#%.8X,ADDR:]]. would match ``mov r5, 0x0000FEFE`` and set ``REG`` to the value ``5`` and; ``ADDR`` to the value ``0xFEFE``. Note that due to the precision it would fail; to match ``mov r5, 0xFEFE``. As a result of the numeric variable definition being optional, it is possible; to only check that a numeric value is present in a given format. This can be; useful when the value itself is not useful, for instance:. .. code-block:: gas. ; CHECK-NOT: mov r0, r[[#]]. to check that a value is synthesized rather than moved around. The syntax of a numeric substitution is; ``[[#%<fmtspec>, <constraint> <expr>]]`` where:. * ``<fmtspec>`` is the same format specifier as for defining a variable but; in this context indicating how a numeric expression value should be matched; against. If absent, both components of the format specifier are inferred from; the matching format of the numeric variable(s) used by the expression; constraint if any, and defaults to ``%u`` if no numeric variable is used,; denoting that the value should be unsigned with no leading zeros. In case of; conflict between format specifiers of several numeric variables, the; conversion specifier becomes mandatory but the precision specifier remains; optional. * ``<constraint>`` is the constraint de
**Answer:**
to_eliminate: true
reasoning: The content only consists of programmatic interface description and no other text.

### Example 3
**Content:** I've been testing the latest updates on our scientific computing framework, and I'm impressed by the improvements in performance. The new parallelization strategy has reduced our simulation times by about 30% on our cluster. However, I noticed that memory usage spikes significantly when handling large datasets. Perhaps we could explore more efficient data structures or caching mechanisms to mitigate this issue? @TeamLead, would it be possible to allocate some resources to investigate this further?
**Answer:**
to_eliminate: false
reasoning: The content contains meaningful human-written sentences in natural language

### Example 4
**Content:** I've been experimenting with the GPU acceleration patches in this PR, and the results are promising. We're seeing a significant boost in matrix operations, which is crucial for our machine learning models. However, I encountered some inconsistencies when running on different GPU architectures. It might be beneficial to add more comprehensive tests to ensure compatibility across various hardware configurations. @DevTeam, could we discuss implementing a more robust testing framework for this?
**Answer:**
to_eliminate: false
reasoning: The content contains meaningful human-written sentences in natural language

### Example 5
**Content:** I've been exploring the energy efficiency improvements in our latest scientific computing framework, and I'm excited about the potential savings. By implementing parallelization strategies and optimizing data structures, we've reduced energy consumption by approximately 25% on our cluster. However, I think we could further enhance this by integrating tools like EnergyMeter to monitor and optimize energy usage in real-time. Additionally, exploring autotuning frameworks like ytopt could help balance performance and energy efficiency across different hardware configurations. @DevTeam, would it be feasible to allocate resources for integrating these tools and conducting a comprehensive energy efficiency analysis?
**Answer:**
to_eliminate: false
reasoning: The content contains meaningful human-written sentences in natural language

### Example 6
**Content:** is relatively simple;; they ultimately form a linked list of every clobber that dominates the; ``MemoryAccess`` that you're trying to optimize. In other words, the; ``definingAccess`` of a ``MemoryDef`` is always the nearest dominating; ``MemoryDef`` or ``MemoryPhi`` of said ``MemoryDef``. Use and Def optimization; ------------------------. ``MemoryUse``\ s keep a single operand, which is their defining or optimized; access.; Traditionally ``MemorySSA`` optimized ``MemoryUse``\ s at build-time, up to a; given threshold.; Specifically, the operand of every ``MemoryUse`` was optimized to point to the; actual clobber of said ``MemoryUse``. This can be seen in the above example; the; second ``MemoryUse`` in ``if.end`` has an operand of ``1``, which is a; ``MemoryDef`` from the entry block. This is done to make walking,; value numbering, etc, faster and easier.; As of `this revision <https://reviews.llvm.org/D121381>`_, the default was; changed to not optimize uses at build time, in order to provide the option to; reduce compile-time if the walking is not necessary in a pass. Most users call; the new API ``ensureOptimizedUses()`` to keep the previous behavior and do a; one-time optimization of ``MemoryUse``\ s, if this was not done before.; New pass users are recommended to call ``ensureOptimizedUses()``. Initially it was not possible to optimize ``MemoryDef``\ s in the same way, as we; restricted ``MemorySSA`` to one operand per access.; This was changed and ``MemoryDef``\ s now keep two operands.; The first one, the defining access, is; always the previous ``MemoryDef`` or ``MemoryPhi`` in the same basic block, or; the last one in a dominating predecessor if the current block doesn't have any; other accesses writing to memory. This is needed for walking Def chains.; The second operand is the optimized access, if there was a previous call on the; walker's ``getClobberingMemoryAccess(MA)``. This API will cache information; as part of ``MA``.; Optimizing all ``MemoryDef``
**Answer:**
to_eliminate: false
reasoning: The content contains meaningful human-written sentences in natural language discussing testing experiences
and performance improvements.

---

## Now analyze ONLY the following content:

**Content to evaluate:**  
""""""Helper function that returns the prefix pattern for the tokenizer.; It is a helper function to accomodate spacy tests that only test; prefixes.; """"""
",False,The content contains meaningful human-written sentences in natural language discussing testing experiences and function implementation details.
Testability,"# Below is the test version to be used once we move to spacy v3.1.0 or higher; # def test_full_pipe_not_serializable(combined_all_model_fixture_non_serializable_abbrev):; # text = ""Induction of cytokine expression in leukocytes (CEIL) by binding of thrombin-stimulated platelets. BACKGROUND: Activated platelets tether and activate myeloid leukocytes.""; # # This line requires the pipeline to be serializable (because it uses 2 processes), so the test should fail here; # with pytest.raises(TypeError):; # list(combined_all_model_fixture_non_serializable_abbrev.pipe([text, text], n_process = 2))",MatchSource.CODE_COMMENT,allenai,scispacy,v0.5.5,https://github.com/allenai/scispacy/tree/v0.5.5/tests/custom_tests/test_all_model.py:15,test,test,15,tests/custom_tests/test_all_model.py,https://allenai.github.io/scispacy/,https://github.com/allenai/scispacy/tree/v0.5.5/tests/custom_tests/test_all_model.py,2,['test'],['test'],90,"
You are an expert in analyzing and categorizing text content. Your task is to evaluate whether the given **target content** should be filtered out, based on whether it consists of meaningful human-written prose or instead mainly contains programmatic or technical artifacts like logs or code.

## Instructions:
For each input, return:
1. `to_eliminate`: true or false — should this content be eliminated?
2. `reasoning`: Brief explanation of why the decision was made.

### Eliminate content that consists primarily of:
- Code snippets or program structure  
  *(e.g., `if/else`, `for` loops, brackets, language-specific syntax or keywords)*
- Program output, logs, or error traces  
  *(e.g., timestamps, error codes, stack traces, test failures)*
- Configuration files, scripts, or build system output  
  *(e.g., YAML, JSON, shell scripts, Makefiles, CMake output, compiler warnings)*
- Version control metadata or commit messages  
  *(e.g., diffs, git logs, merge info, file paths with change indicators)*
- API documentation or technical interface specifications  
  *(e.g., function signatures, parameter lists, return types, type annotations, code-style formatting like `Args:`, `Returns:`)*

### Keep content that:
- Does **not** fall primarily into any of the elimination categories
- Conveys **insight, explanation, or information** intended for human interpretation
- Includes **expository or analytical discussion**, even if highly specialized, formal, or domain-specific (e.g., scientific, academic, technical, or medical writing)
- May contain structured or technical language, as long as it is **not primarily in the format of code, logs, or machine output**

## Examples (for reference only – do not analyze):

### Example 1
**Content:** Build failed on ROOT-ubuntu2004/python3.; Running on root-ubuntu-2004-3.cern.ch:/home/sftnight/build/workspace/root-pullrequests-build; [See console output](https://lcgapp-services.cern.ch/root-jenkins/job/root-pullrequests-build/183837/console).; ### Failing tests:; - [projectroot.test.test_stressgraphics_interpreted](https://lcgapp-services.cern.ch/root-jenkins/job/root-pullrequests-build/183837/testReport/projectroot/test/test_stressgraphics_interpreted/)
**Answer:**
to_eliminate: true
reasoning: The content only consists of logs and no other text.

### Example 2
**Content:** recision><conversion specifier>`` where:. * ``#`` is an optional flag available for hex values (see; ``<conversion specifier>`` below) which requires the value matched to be; prefixed by ``0x``.; * ``.<precision>`` is an optional printf-style precision specifier in which; ``<precision>`` indicates the minimum number of digits that the value matched; must have, expecting leading zeros if needed. * ``<conversion specifier>`` is an optional scanf-style conversion specifier; to indicate what number format to match (e.g. hex number). Currently; accepted format specifiers are ``%u``, ``%d``, ``%x`` and ``%X``. If absent,; the format specifier defaults to ``%u``. For example:. .. code-block:: llvm. ; CHECK: mov r[[#REG:]], 0x[[#%.8X,ADDR:]]. would match ``mov r5, 0x0000FEFE`` and set ``REG`` to the value ``5`` and; ``ADDR`` to the value ``0xFEFE``. Note that due to the precision it would fail; to match ``mov r5, 0xFEFE``. As a result of the numeric variable definition being optional, it is possible; to only check that a numeric value is present in a given format. This can be; useful when the value itself is not useful, for instance:. .. code-block:: gas. ; CHECK-NOT: mov r0, r[[#]]. to check that a value is synthesized rather than moved around. The syntax of a numeric substitution is; ``[[#%<fmtspec>, <constraint> <expr>]]`` where:. * ``<fmtspec>`` is the same format specifier as for defining a variable but; in this context indicating how a numeric expression value should be matched; against. If absent, both components of the format specifier are inferred from; the matching format of the numeric variable(s) used by the expression; constraint if any, and defaults to ``%u`` if no numeric variable is used,; denoting that the value should be unsigned with no leading zeros. In case of; conflict between format specifiers of several numeric variables, the; conversion specifier becomes mandatory but the precision specifier remains; optional. * ``<constraint>`` is the constraint de
**Answer:**
to_eliminate: true
reasoning: The content only consists of programmatic interface description and no other text.

### Example 3
**Content:** I've been testing the latest updates on our scientific computing framework, and I'm impressed by the improvements in performance. The new parallelization strategy has reduced our simulation times by about 30% on our cluster. However, I noticed that memory usage spikes significantly when handling large datasets. Perhaps we could explore more efficient data structures or caching mechanisms to mitigate this issue? @TeamLead, would it be possible to allocate some resources to investigate this further?
**Answer:**
to_eliminate: false
reasoning: The content contains meaningful human-written sentences in natural language

### Example 4
**Content:** I've been experimenting with the GPU acceleration patches in this PR, and the results are promising. We're seeing a significant boost in matrix operations, which is crucial for our machine learning models. However, I encountered some inconsistencies when running on different GPU architectures. It might be beneficial to add more comprehensive tests to ensure compatibility across various hardware configurations. @DevTeam, could we discuss implementing a more robust testing framework for this?
**Answer:**
to_eliminate: false
reasoning: The content contains meaningful human-written sentences in natural language

### Example 5
**Content:** I've been exploring the energy efficiency improvements in our latest scientific computing framework, and I'm excited about the potential savings. By implementing parallelization strategies and optimizing data structures, we've reduced energy consumption by approximately 25% on our cluster. However, I think we could further enhance this by integrating tools like EnergyMeter to monitor and optimize energy usage in real-time. Additionally, exploring autotuning frameworks like ytopt could help balance performance and energy efficiency across different hardware configurations. @DevTeam, would it be feasible to allocate resources for integrating these tools and conducting a comprehensive energy efficiency analysis?
**Answer:**
to_eliminate: false
reasoning: The content contains meaningful human-written sentences in natural language

### Example 6
**Content:** is relatively simple;; they ultimately form a linked list of every clobber that dominates the; ``MemoryAccess`` that you're trying to optimize. In other words, the; ``definingAccess`` of a ``MemoryDef`` is always the nearest dominating; ``MemoryDef`` or ``MemoryPhi`` of said ``MemoryDef``. Use and Def optimization; ------------------------. ``MemoryUse``\ s keep a single operand, which is their defining or optimized; access.; Traditionally ``MemorySSA`` optimized ``MemoryUse``\ s at build-time, up to a; given threshold.; Specifically, the operand of every ``MemoryUse`` was optimized to point to the; actual clobber of said ``MemoryUse``. This can be seen in the above example; the; second ``MemoryUse`` in ``if.end`` has an operand of ``1``, which is a; ``MemoryDef`` from the entry block. This is done to make walking,; value numbering, etc, faster and easier.; As of `this revision <https://reviews.llvm.org/D121381>`_, the default was; changed to not optimize uses at build time, in order to provide the option to; reduce compile-time if the walking is not necessary in a pass. Most users call; the new API ``ensureOptimizedUses()`` to keep the previous behavior and do a; one-time optimization of ``MemoryUse``\ s, if this was not done before.; New pass users are recommended to call ``ensureOptimizedUses()``. Initially it was not possible to optimize ``MemoryDef``\ s in the same way, as we; restricted ``MemorySSA`` to one operand per access.; This was changed and ``MemoryDef``\ s now keep two operands.; The first one, the defining access, is; always the previous ``MemoryDef`` or ``MemoryPhi`` in the same basic block, or; the last one in a dominating predecessor if the current block doesn't have any; other accesses writing to memory. This is needed for walking Def chains.; The second operand is the optimized access, if there was a previous call on the; walker's ``getClobberingMemoryAccess(MA)``. This API will cache information; as part of ``MA``.; Optimizing all ``MemoryDef``
**Answer:**
to_eliminate: false
reasoning: The content contains meaningful human-written sentences in natural language discussing testing experiences
and performance improvements.

---

## Now analyze ONLY the following content:

**Content to evaluate:**  
# Below is the test version to be used once we move to spacy v3.1.0 or higher; # def test_full_pipe_not_serializable(combined_all_model_fixture_non_serializable_abbrev):; # text = ""Induction of cytokine expression in leukocytes (CEIL) by binding of thrombin-stimulated platelets. BACKGROUND: Activated platelets tether and activate myeloid leukocytes.""; # # This line requires the pipeline to be serializable (because it uses 2 processes), so the test should fail here; # with pytest.raises(TypeError):; # list(combined_all_model_fixture_non_serializable_abbrev.pipe([text, text], n_process = 2))
",False,The content contains meaningful human-written sentences in natural language discussing testing experiences and performance improvements.
Testability,"# This line requires the pipeline to be serializable, so the test should fail here
",MatchSource.CODE_COMMENT,allenai,scispacy,v0.5.5,https://github.com/allenai/scispacy/tree/v0.5.5/tests/custom_tests/test_all_model.py:61,test,test,61,tests/custom_tests/test_all_model.py,https://allenai.github.io/scispacy/,https://github.com/allenai/scispacy/tree/v0.5.5/tests/custom_tests/test_all_model.py,1,['test'],['test'],14,"
You are an expert in analyzing and categorizing text content. Your task is to evaluate whether the given **target content** should be filtered out, based on whether it consists of meaningful human-written prose or instead mainly contains programmatic or technical artifacts like logs or code.

## Instructions:
For each input, return:
1. `to_eliminate`: true or false — should this content be eliminated?
2. `reasoning`: Brief explanation of why the decision was made.

### Eliminate content that consists primarily of:
- Code snippets or program structure  
  *(e.g., `if/else`, `for` loops, brackets, language-specific syntax or keywords)*
- Program output, logs, or error traces  
  *(e.g., timestamps, error codes, stack traces, test failures)*
- Configuration files, scripts, or build system output  
  *(e.g., YAML, JSON, shell scripts, Makefiles, CMake output, compiler warnings)*
- Version control metadata or commit messages  
  *(e.g., diffs, git logs, merge info, file paths with change indicators)*
- API documentation or technical interface specifications  
  *(e.g., function signatures, parameter lists, return types, type annotations, code-style formatting like `Args:`, `Returns:`)*

### Keep content that:
- Does **not** fall primarily into any of the elimination categories
- Conveys **insight, explanation, or information** intended for human interpretation
- Includes **expository or analytical discussion**, even if highly specialized, formal, or domain-specific (e.g., scientific, academic, technical, or medical writing)
- May contain structured or technical language, as long as it is **not primarily in the format of code, logs, or machine output**

## Examples (for reference only – do not analyze):

### Example 1
**Content:** Build failed on ROOT-ubuntu2004/python3.; Running on root-ubuntu-2004-3.cern.ch:/home/sftnight/build/workspace/root-pullrequests-build; [See console output](https://lcgapp-services.cern.ch/root-jenkins/job/root-pullrequests-build/183837/console).; ### Failing tests:; - [projectroot.test.test_stressgraphics_interpreted](https://lcgapp-services.cern.ch/root-jenkins/job/root-pullrequests-build/183837/testReport/projectroot/test/test_stressgraphics_interpreted/)
**Answer:**
to_eliminate: true
reasoning: The content only consists of logs and no other text.

### Example 2
**Content:** recision><conversion specifier>`` where:. * ``#`` is an optional flag available for hex values (see; ``<conversion specifier>`` below) which requires the value matched to be; prefixed by ``0x``.; * ``.<precision>`` is an optional printf-style precision specifier in which; ``<precision>`` indicates the minimum number of digits that the value matched; must have, expecting leading zeros if needed. * ``<conversion specifier>`` is an optional scanf-style conversion specifier; to indicate what number format to match (e.g. hex number). Currently; accepted format specifiers are ``%u``, ``%d``, ``%x`` and ``%X``. If absent,; the format specifier defaults to ``%u``. For example:. .. code-block:: llvm. ; CHECK: mov r[[#REG:]], 0x[[#%.8X,ADDR:]]. would match ``mov r5, 0x0000FEFE`` and set ``REG`` to the value ``5`` and; ``ADDR`` to the value ``0xFEFE``. Note that due to the precision it would fail; to match ``mov r5, 0xFEFE``. As a result of the numeric variable definition being optional, it is possible; to only check that a numeric value is present in a given format. This can be; useful when the value itself is not useful, for instance:. .. code-block:: gas. ; CHECK-NOT: mov r0, r[[#]]. to check that a value is synthesized rather than moved around. The syntax of a numeric substitution is; ``[[#%<fmtspec>, <constraint> <expr>]]`` where:. * ``<fmtspec>`` is the same format specifier as for defining a variable but; in this context indicating how a numeric expression value should be matched; against. If absent, both components of the format specifier are inferred from; the matching format of the numeric variable(s) used by the expression; constraint if any, and defaults to ``%u`` if no numeric variable is used,; denoting that the value should be unsigned with no leading zeros. In case of; conflict between format specifiers of several numeric variables, the; conversion specifier becomes mandatory but the precision specifier remains; optional. * ``<constraint>`` is the constraint de
**Answer:**
to_eliminate: true
reasoning: The content only consists of programmatic interface description and no other text.

### Example 3
**Content:** I've been testing the latest updates on our scientific computing framework, and I'm impressed by the improvements in performance. The new parallelization strategy has reduced our simulation times by about 30% on our cluster. However, I noticed that memory usage spikes significantly when handling large datasets. Perhaps we could explore more efficient data structures or caching mechanisms to mitigate this issue? @TeamLead, would it be possible to allocate some resources to investigate this further?
**Answer:**
to_eliminate: false
reasoning: The content contains meaningful human-written sentences in natural language

### Example 4
**Content:** I've been experimenting with the GPU acceleration patches in this PR, and the results are promising. We're seeing a significant boost in matrix operations, which is crucial for our machine learning models. However, I encountered some inconsistencies when running on different GPU architectures. It might be beneficial to add more comprehensive tests to ensure compatibility across various hardware configurations. @DevTeam, could we discuss implementing a more robust testing framework for this?
**Answer:**
to_eliminate: false
reasoning: The content contains meaningful human-written sentences in natural language

### Example 5
**Content:** I've been exploring the energy efficiency improvements in our latest scientific computing framework, and I'm excited about the potential savings. By implementing parallelization strategies and optimizing data structures, we've reduced energy consumption by approximately 25% on our cluster. However, I think we could further enhance this by integrating tools like EnergyMeter to monitor and optimize energy usage in real-time. Additionally, exploring autotuning frameworks like ytopt could help balance performance and energy efficiency across different hardware configurations. @DevTeam, would it be feasible to allocate resources for integrating these tools and conducting a comprehensive energy efficiency analysis?
**Answer:**
to_eliminate: false
reasoning: The content contains meaningful human-written sentences in natural language

### Example 6
**Content:** is relatively simple;; they ultimately form a linked list of every clobber that dominates the; ``MemoryAccess`` that you're trying to optimize. In other words, the; ``definingAccess`` of a ``MemoryDef`` is always the nearest dominating; ``MemoryDef`` or ``MemoryPhi`` of said ``MemoryDef``. Use and Def optimization; ------------------------. ``MemoryUse``\ s keep a single operand, which is their defining or optimized; access.; Traditionally ``MemorySSA`` optimized ``MemoryUse``\ s at build-time, up to a; given threshold.; Specifically, the operand of every ``MemoryUse`` was optimized to point to the; actual clobber of said ``MemoryUse``. This can be seen in the above example; the; second ``MemoryUse`` in ``if.end`` has an operand of ``1``, which is a; ``MemoryDef`` from the entry block. This is done to make walking,; value numbering, etc, faster and easier.; As of `this revision <https://reviews.llvm.org/D121381>`_, the default was; changed to not optimize uses at build time, in order to provide the option to; reduce compile-time if the walking is not necessary in a pass. Most users call; the new API ``ensureOptimizedUses()`` to keep the previous behavior and do a; one-time optimization of ``MemoryUse``\ s, if this was not done before.; New pass users are recommended to call ``ensureOptimizedUses()``. Initially it was not possible to optimize ``MemoryDef``\ s in the same way, as we; restricted ``MemorySSA`` to one operand per access.; This was changed and ``MemoryDef``\ s now keep two operands.; The first one, the defining access, is; always the previous ``MemoryDef`` or ``MemoryPhi`` in the same basic block, or; the last one in a dominating predecessor if the current block doesn't have any; other accesses writing to memory. This is needed for walking Def chains.; The second operand is the optimized access, if there was a previous call on the; walker's ``getClobberingMemoryAccess(MA)``. This API will cache information; as part of ``MA``.; Optimizing all ``MemoryDef``
**Answer:**
to_eliminate: false
reasoning: The content contains meaningful human-written sentences in natural language discussing testing experiences
and performance improvements.

---

## Now analyze ONLY the following content:

**Content to evaluate:**  
# This line requires the pipeline to be serializable, so the test should fail here

",False,The content contains meaningful human-written sentences in natural language.
Testability,"# add lookahead assertions for brackets (may not work properly for unbalanced brackets)
",MatchSource.CODE_COMMENT,allenai,scispacy,v0.5.5,https://github.com/allenai/scispacy/tree/v0.5.5/scispacy/custom_tokenizer.py:16,assert,assertions,16,scispacy/custom_tokenizer.py,https://allenai.github.io/scispacy/,https://github.com/allenai/scispacy/tree/v0.5.5/scispacy/custom_tokenizer.py,1,['assert'],['assertions'],12,"
You are an expert in analyzing and categorizing text content. Your task is to evaluate whether the given **target content** should be filtered out, based on whether it consists of meaningful human-written prose or instead mainly contains programmatic or technical artifacts like logs or code.

## Instructions:
For each input, return:
1. `to_eliminate`: true or false — should this content be eliminated?
2. `reasoning`: Brief explanation of why the decision was made.

### Eliminate content that consists primarily of:
- Code snippets or program structure  
  *(e.g., `if/else`, `for` loops, brackets, language-specific syntax or keywords)*
- Program output, logs, or error traces  
  *(e.g., timestamps, error codes, stack traces, test failures)*
- Configuration files, scripts, or build system output  
  *(e.g., YAML, JSON, shell scripts, Makefiles, CMake output, compiler warnings)*
- Version control metadata or commit messages  
  *(e.g., diffs, git logs, merge info, file paths with change indicators)*
- API documentation or technical interface specifications  
  *(e.g., function signatures, parameter lists, return types, type annotations, code-style formatting like `Args:`, `Returns:`)*

### Keep content that:
- Does **not** fall primarily into any of the elimination categories
- Conveys **insight, explanation, or information** intended for human interpretation
- Includes **expository or analytical discussion**, even if highly specialized, formal, or domain-specific (e.g., scientific, academic, technical, or medical writing)
- May contain structured or technical language, as long as it is **not primarily in the format of code, logs, or machine output**

## Examples (for reference only – do not analyze):

### Example 1
**Content:** Build failed on ROOT-ubuntu2004/python3.; Running on root-ubuntu-2004-3.cern.ch:/home/sftnight/build/workspace/root-pullrequests-build; [See console output](https://lcgapp-services.cern.ch/root-jenkins/job/root-pullrequests-build/183837/console).; ### Failing tests:; - [projectroot.test.test_stressgraphics_interpreted](https://lcgapp-services.cern.ch/root-jenkins/job/root-pullrequests-build/183837/testReport/projectroot/test/test_stressgraphics_interpreted/)
**Answer:**
to_eliminate: true
reasoning: The content only consists of logs and no other text.

### Example 2
**Content:** recision><conversion specifier>`` where:. * ``#`` is an optional flag available for hex values (see; ``<conversion specifier>`` below) which requires the value matched to be; prefixed by ``0x``.; * ``.<precision>`` is an optional printf-style precision specifier in which; ``<precision>`` indicates the minimum number of digits that the value matched; must have, expecting leading zeros if needed. * ``<conversion specifier>`` is an optional scanf-style conversion specifier; to indicate what number format to match (e.g. hex number). Currently; accepted format specifiers are ``%u``, ``%d``, ``%x`` and ``%X``. If absent,; the format specifier defaults to ``%u``. For example:. .. code-block:: llvm. ; CHECK: mov r[[#REG:]], 0x[[#%.8X,ADDR:]]. would match ``mov r5, 0x0000FEFE`` and set ``REG`` to the value ``5`` and; ``ADDR`` to the value ``0xFEFE``. Note that due to the precision it would fail; to match ``mov r5, 0xFEFE``. As a result of the numeric variable definition being optional, it is possible; to only check that a numeric value is present in a given format. This can be; useful when the value itself is not useful, for instance:. .. code-block:: gas. ; CHECK-NOT: mov r0, r[[#]]. to check that a value is synthesized rather than moved around. The syntax of a numeric substitution is; ``[[#%<fmtspec>, <constraint> <expr>]]`` where:. * ``<fmtspec>`` is the same format specifier as for defining a variable but; in this context indicating how a numeric expression value should be matched; against. If absent, both components of the format specifier are inferred from; the matching format of the numeric variable(s) used by the expression; constraint if any, and defaults to ``%u`` if no numeric variable is used,; denoting that the value should be unsigned with no leading zeros. In case of; conflict between format specifiers of several numeric variables, the; conversion specifier becomes mandatory but the precision specifier remains; optional. * ``<constraint>`` is the constraint de
**Answer:**
to_eliminate: true
reasoning: The content only consists of programmatic interface description and no other text.

### Example 3
**Content:** I've been testing the latest updates on our scientific computing framework, and I'm impressed by the improvements in performance. The new parallelization strategy has reduced our simulation times by about 30% on our cluster. However, I noticed that memory usage spikes significantly when handling large datasets. Perhaps we could explore more efficient data structures or caching mechanisms to mitigate this issue? @TeamLead, would it be possible to allocate some resources to investigate this further?
**Answer:**
to_eliminate: false
reasoning: The content contains meaningful human-written sentences in natural language

### Example 4
**Content:** I've been experimenting with the GPU acceleration patches in this PR, and the results are promising. We're seeing a significant boost in matrix operations, which is crucial for our machine learning models. However, I encountered some inconsistencies when running on different GPU architectures. It might be beneficial to add more comprehensive tests to ensure compatibility across various hardware configurations. @DevTeam, could we discuss implementing a more robust testing framework for this?
**Answer:**
to_eliminate: false
reasoning: The content contains meaningful human-written sentences in natural language

### Example 5
**Content:** I've been exploring the energy efficiency improvements in our latest scientific computing framework, and I'm excited about the potential savings. By implementing parallelization strategies and optimizing data structures, we've reduced energy consumption by approximately 25% on our cluster. However, I think we could further enhance this by integrating tools like EnergyMeter to monitor and optimize energy usage in real-time. Additionally, exploring autotuning frameworks like ytopt could help balance performance and energy efficiency across different hardware configurations. @DevTeam, would it be feasible to allocate resources for integrating these tools and conducting a comprehensive energy efficiency analysis?
**Answer:**
to_eliminate: false
reasoning: The content contains meaningful human-written sentences in natural language

### Example 6
**Content:** is relatively simple;; they ultimately form a linked list of every clobber that dominates the; ``MemoryAccess`` that you're trying to optimize. In other words, the; ``definingAccess`` of a ``MemoryDef`` is always the nearest dominating; ``MemoryDef`` or ``MemoryPhi`` of said ``MemoryDef``. Use and Def optimization; ------------------------. ``MemoryUse``\ s keep a single operand, which is their defining or optimized; access.; Traditionally ``MemorySSA`` optimized ``MemoryUse``\ s at build-time, up to a; given threshold.; Specifically, the operand of every ``MemoryUse`` was optimized to point to the; actual clobber of said ``MemoryUse``. This can be seen in the above example; the; second ``MemoryUse`` in ``if.end`` has an operand of ``1``, which is a; ``MemoryDef`` from the entry block. This is done to make walking,; value numbering, etc, faster and easier.; As of `this revision <https://reviews.llvm.org/D121381>`_, the default was; changed to not optimize uses at build time, in order to provide the option to; reduce compile-time if the walking is not necessary in a pass. Most users call; the new API ``ensureOptimizedUses()`` to keep the previous behavior and do a; one-time optimization of ``MemoryUse``\ s, if this was not done before.; New pass users are recommended to call ``ensureOptimizedUses()``. Initially it was not possible to optimize ``MemoryDef``\ s in the same way, as we; restricted ``MemorySSA`` to one operand per access.; This was changed and ``MemoryDef``\ s now keep two operands.; The first one, the defining access, is; always the previous ``MemoryDef`` or ``MemoryPhi`` in the same basic block, or; the last one in a dominating predecessor if the current block doesn't have any; other accesses writing to memory. This is needed for walking Def chains.; The second operand is the optimized access, if there was a previous call on the; walker's ``getClobberingMemoryAccess(MA)``. This API will cache information; as part of ``MA``.; Optimizing all ``MemoryDef``
**Answer:**
to_eliminate: false
reasoning: The content contains meaningful human-written sentences in natural language discussing testing experiences
and performance improvements.

---

## Now analyze ONLY the following content:

**Content to evaluate:**  
# add lookahead assertions for brackets (may not work properly for unbalanced brackets)

",True,"The content is a programmatic instruction or directive meant for code modification, which falls under the category of technical artifacts that should be filtered."
Testability,"# add lookbehind assertions for brackets (may not work properly for unbalanced brackets)
",MatchSource.CODE_COMMENT,allenai,scispacy,v0.5.5,https://github.com/allenai/scispacy/tree/v0.5.5/scispacy/custom_tokenizer.py:17,assert,assertions,17,scispacy/custom_tokenizer.py,https://allenai.github.io/scispacy/,https://github.com/allenai/scispacy/tree/v0.5.5/scispacy/custom_tokenizer.py,1,['assert'],['assertions'],12,"
You are an expert in analyzing and categorizing text content. Your task is to evaluate whether the given **target content** should be filtered out, based on whether it consists of meaningful human-written prose or instead mainly contains programmatic or technical artifacts like logs or code.

## Instructions:
For each input, return:
1. `to_eliminate`: true or false — should this content be eliminated?
2. `reasoning`: Brief explanation of why the decision was made.

### Eliminate content that consists primarily of:
- Code snippets or program structure  
  *(e.g., `if/else`, `for` loops, brackets, language-specific syntax or keywords)*
- Program output, logs, or error traces  
  *(e.g., timestamps, error codes, stack traces, test failures)*
- Configuration files, scripts, or build system output  
  *(e.g., YAML, JSON, shell scripts, Makefiles, CMake output, compiler warnings)*
- Version control metadata or commit messages  
  *(e.g., diffs, git logs, merge info, file paths with change indicators)*
- API documentation or technical interface specifications  
  *(e.g., function signatures, parameter lists, return types, type annotations, code-style formatting like `Args:`, `Returns:`)*

### Keep content that:
- Does **not** fall primarily into any of the elimination categories
- Conveys **insight, explanation, or information** intended for human interpretation
- Includes **expository or analytical discussion**, even if highly specialized, formal, or domain-specific (e.g., scientific, academic, technical, or medical writing)
- May contain structured or technical language, as long as it is **not primarily in the format of code, logs, or machine output**

## Examples (for reference only – do not analyze):

### Example 1
**Content:** Build failed on ROOT-ubuntu2004/python3.; Running on root-ubuntu-2004-3.cern.ch:/home/sftnight/build/workspace/root-pullrequests-build; [See console output](https://lcgapp-services.cern.ch/root-jenkins/job/root-pullrequests-build/183837/console).; ### Failing tests:; - [projectroot.test.test_stressgraphics_interpreted](https://lcgapp-services.cern.ch/root-jenkins/job/root-pullrequests-build/183837/testReport/projectroot/test/test_stressgraphics_interpreted/)
**Answer:**
to_eliminate: true
reasoning: The content only consists of logs and no other text.

### Example 2
**Content:** recision><conversion specifier>`` where:. * ``#`` is an optional flag available for hex values (see; ``<conversion specifier>`` below) which requires the value matched to be; prefixed by ``0x``.; * ``.<precision>`` is an optional printf-style precision specifier in which; ``<precision>`` indicates the minimum number of digits that the value matched; must have, expecting leading zeros if needed. * ``<conversion specifier>`` is an optional scanf-style conversion specifier; to indicate what number format to match (e.g. hex number). Currently; accepted format specifiers are ``%u``, ``%d``, ``%x`` and ``%X``. If absent,; the format specifier defaults to ``%u``. For example:. .. code-block:: llvm. ; CHECK: mov r[[#REG:]], 0x[[#%.8X,ADDR:]]. would match ``mov r5, 0x0000FEFE`` and set ``REG`` to the value ``5`` and; ``ADDR`` to the value ``0xFEFE``. Note that due to the precision it would fail; to match ``mov r5, 0xFEFE``. As a result of the numeric variable definition being optional, it is possible; to only check that a numeric value is present in a given format. This can be; useful when the value itself is not useful, for instance:. .. code-block:: gas. ; CHECK-NOT: mov r0, r[[#]]. to check that a value is synthesized rather than moved around. The syntax of a numeric substitution is; ``[[#%<fmtspec>, <constraint> <expr>]]`` where:. * ``<fmtspec>`` is the same format specifier as for defining a variable but; in this context indicating how a numeric expression value should be matched; against. If absent, both components of the format specifier are inferred from; the matching format of the numeric variable(s) used by the expression; constraint if any, and defaults to ``%u`` if no numeric variable is used,; denoting that the value should be unsigned with no leading zeros. In case of; conflict between format specifiers of several numeric variables, the; conversion specifier becomes mandatory but the precision specifier remains; optional. * ``<constraint>`` is the constraint de
**Answer:**
to_eliminate: true
reasoning: The content only consists of programmatic interface description and no other text.

### Example 3
**Content:** I've been testing the latest updates on our scientific computing framework, and I'm impressed by the improvements in performance. The new parallelization strategy has reduced our simulation times by about 30% on our cluster. However, I noticed that memory usage spikes significantly when handling large datasets. Perhaps we could explore more efficient data structures or caching mechanisms to mitigate this issue? @TeamLead, would it be possible to allocate some resources to investigate this further?
**Answer:**
to_eliminate: false
reasoning: The content contains meaningful human-written sentences in natural language

### Example 4
**Content:** I've been experimenting with the GPU acceleration patches in this PR, and the results are promising. We're seeing a significant boost in matrix operations, which is crucial for our machine learning models. However, I encountered some inconsistencies when running on different GPU architectures. It might be beneficial to add more comprehensive tests to ensure compatibility across various hardware configurations. @DevTeam, could we discuss implementing a more robust testing framework for this?
**Answer:**
to_eliminate: false
reasoning: The content contains meaningful human-written sentences in natural language

### Example 5
**Content:** I've been exploring the energy efficiency improvements in our latest scientific computing framework, and I'm excited about the potential savings. By implementing parallelization strategies and optimizing data structures, we've reduced energy consumption by approximately 25% on our cluster. However, I think we could further enhance this by integrating tools like EnergyMeter to monitor and optimize energy usage in real-time. Additionally, exploring autotuning frameworks like ytopt could help balance performance and energy efficiency across different hardware configurations. @DevTeam, would it be feasible to allocate resources for integrating these tools and conducting a comprehensive energy efficiency analysis?
**Answer:**
to_eliminate: false
reasoning: The content contains meaningful human-written sentences in natural language

### Example 6
**Content:** is relatively simple;; they ultimately form a linked list of every clobber that dominates the; ``MemoryAccess`` that you're trying to optimize. In other words, the; ``definingAccess`` of a ``MemoryDef`` is always the nearest dominating; ``MemoryDef`` or ``MemoryPhi`` of said ``MemoryDef``. Use and Def optimization; ------------------------. ``MemoryUse``\ s keep a single operand, which is their defining or optimized; access.; Traditionally ``MemorySSA`` optimized ``MemoryUse``\ s at build-time, up to a; given threshold.; Specifically, the operand of every ``MemoryUse`` was optimized to point to the; actual clobber of said ``MemoryUse``. This can be seen in the above example; the; second ``MemoryUse`` in ``if.end`` has an operand of ``1``, which is a; ``MemoryDef`` from the entry block. This is done to make walking,; value numbering, etc, faster and easier.; As of `this revision <https://reviews.llvm.org/D121381>`_, the default was; changed to not optimize uses at build time, in order to provide the option to; reduce compile-time if the walking is not necessary in a pass. Most users call; the new API ``ensureOptimizedUses()`` to keep the previous behavior and do a; one-time optimization of ``MemoryUse``\ s, if this was not done before.; New pass users are recommended to call ``ensureOptimizedUses()``. Initially it was not possible to optimize ``MemoryDef``\ s in the same way, as we; restricted ``MemorySSA`` to one operand per access.; This was changed and ``MemoryDef``\ s now keep two operands.; The first one, the defining access, is; always the previous ``MemoryDef`` or ``MemoryPhi`` in the same basic block, or; the last one in a dominating predecessor if the current block doesn't have any; other accesses writing to memory. This is needed for walking Def chains.; The second operand is the optimized access, if there was a previous call on the; walker's ``getClobberingMemoryAccess(MA)``. This API will cache information; as part of ``MA``.; Optimizing all ``MemoryDef``
**Answer:**
to_eliminate: false
reasoning: The content contains meaningful human-written sentences in natural language discussing testing experiences
and performance improvements.

---

## Now analyze ONLY the following content:

**Content to evaluate:**  
# add lookbehind assertions for brackets (may not work properly for unbalanced brackets)

",False,"The content is a code snippet that could be part of a technical discussion, but it does not primarily consist of logs, code snippets, or other programmatic artifacts. It appears to be discussing regex features in a programming context, which may still be considered human-written prose."
Testability,"# this is really just testing that we handle the case where pysbd crashes
",MatchSource.CODE_COMMENT,allenai,scispacy,v0.5.5,https://github.com/allenai/scispacy/tree/v0.5.5/tests/custom_tests/test_custom_segmentation.py:22,test,testing,22,tests/custom_tests/test_custom_segmentation.py,https://allenai.github.io/scispacy/,https://github.com/allenai/scispacy/tree/v0.5.5/tests/custom_tests/test_custom_segmentation.py,2,['test'],['testing'],13,"
You are an expert in analyzing and categorizing text content. Your task is to evaluate whether the given **target content** should be filtered out, based on whether it consists of meaningful human-written prose or instead mainly contains programmatic or technical artifacts like logs or code.

## Instructions:
For each input, return:
1. `to_eliminate`: true or false — should this content be eliminated?
2. `reasoning`: Brief explanation of why the decision was made.

### Eliminate content that consists primarily of:
- Code snippets or program structure  
  *(e.g., `if/else`, `for` loops, brackets, language-specific syntax or keywords)*
- Program output, logs, or error traces  
  *(e.g., timestamps, error codes, stack traces, test failures)*
- Configuration files, scripts, or build system output  
  *(e.g., YAML, JSON, shell scripts, Makefiles, CMake output, compiler warnings)*
- Version control metadata or commit messages  
  *(e.g., diffs, git logs, merge info, file paths with change indicators)*
- API documentation or technical interface specifications  
  *(e.g., function signatures, parameter lists, return types, type annotations, code-style formatting like `Args:`, `Returns:`)*

### Keep content that:
- Does **not** fall primarily into any of the elimination categories
- Conveys **insight, explanation, or information** intended for human interpretation
- Includes **expository or analytical discussion**, even if highly specialized, formal, or domain-specific (e.g., scientific, academic, technical, or medical writing)
- May contain structured or technical language, as long as it is **not primarily in the format of code, logs, or machine output**

## Examples (for reference only – do not analyze):

### Example 1
**Content:** Build failed on ROOT-ubuntu2004/python3.; Running on root-ubuntu-2004-3.cern.ch:/home/sftnight/build/workspace/root-pullrequests-build; [See console output](https://lcgapp-services.cern.ch/root-jenkins/job/root-pullrequests-build/183837/console).; ### Failing tests:; - [projectroot.test.test_stressgraphics_interpreted](https://lcgapp-services.cern.ch/root-jenkins/job/root-pullrequests-build/183837/testReport/projectroot/test/test_stressgraphics_interpreted/)
**Answer:**
to_eliminate: true
reasoning: The content only consists of logs and no other text.

### Example 2
**Content:** recision><conversion specifier>`` where:. * ``#`` is an optional flag available for hex values (see; ``<conversion specifier>`` below) which requires the value matched to be; prefixed by ``0x``.; * ``.<precision>`` is an optional printf-style precision specifier in which; ``<precision>`` indicates the minimum number of digits that the value matched; must have, expecting leading zeros if needed. * ``<conversion specifier>`` is an optional scanf-style conversion specifier; to indicate what number format to match (e.g. hex number). Currently; accepted format specifiers are ``%u``, ``%d``, ``%x`` and ``%X``. If absent,; the format specifier defaults to ``%u``. For example:. .. code-block:: llvm. ; CHECK: mov r[[#REG:]], 0x[[#%.8X,ADDR:]]. would match ``mov r5, 0x0000FEFE`` and set ``REG`` to the value ``5`` and; ``ADDR`` to the value ``0xFEFE``. Note that due to the precision it would fail; to match ``mov r5, 0xFEFE``. As a result of the numeric variable definition being optional, it is possible; to only check that a numeric value is present in a given format. This can be; useful when the value itself is not useful, for instance:. .. code-block:: gas. ; CHECK-NOT: mov r0, r[[#]]. to check that a value is synthesized rather than moved around. The syntax of a numeric substitution is; ``[[#%<fmtspec>, <constraint> <expr>]]`` where:. * ``<fmtspec>`` is the same format specifier as for defining a variable but; in this context indicating how a numeric expression value should be matched; against. If absent, both components of the format specifier are inferred from; the matching format of the numeric variable(s) used by the expression; constraint if any, and defaults to ``%u`` if no numeric variable is used,; denoting that the value should be unsigned with no leading zeros. In case of; conflict between format specifiers of several numeric variables, the; conversion specifier becomes mandatory but the precision specifier remains; optional. * ``<constraint>`` is the constraint de
**Answer:**
to_eliminate: true
reasoning: The content only consists of programmatic interface description and no other text.

### Example 3
**Content:** I've been testing the latest updates on our scientific computing framework, and I'm impressed by the improvements in performance. The new parallelization strategy has reduced our simulation times by about 30% on our cluster. However, I noticed that memory usage spikes significantly when handling large datasets. Perhaps we could explore more efficient data structures or caching mechanisms to mitigate this issue? @TeamLead, would it be possible to allocate some resources to investigate this further?
**Answer:**
to_eliminate: false
reasoning: The content contains meaningful human-written sentences in natural language

### Example 4
**Content:** I've been experimenting with the GPU acceleration patches in this PR, and the results are promising. We're seeing a significant boost in matrix operations, which is crucial for our machine learning models. However, I encountered some inconsistencies when running on different GPU architectures. It might be beneficial to add more comprehensive tests to ensure compatibility across various hardware configurations. @DevTeam, could we discuss implementing a more robust testing framework for this?
**Answer:**
to_eliminate: false
reasoning: The content contains meaningful human-written sentences in natural language

### Example 5
**Content:** I've been exploring the energy efficiency improvements in our latest scientific computing framework, and I'm excited about the potential savings. By implementing parallelization strategies and optimizing data structures, we've reduced energy consumption by approximately 25% on our cluster. However, I think we could further enhance this by integrating tools like EnergyMeter to monitor and optimize energy usage in real-time. Additionally, exploring autotuning frameworks like ytopt could help balance performance and energy efficiency across different hardware configurations. @DevTeam, would it be feasible to allocate resources for integrating these tools and conducting a comprehensive energy efficiency analysis?
**Answer:**
to_eliminate: false
reasoning: The content contains meaningful human-written sentences in natural language

### Example 6
**Content:** is relatively simple;; they ultimately form a linked list of every clobber that dominates the; ``MemoryAccess`` that you're trying to optimize. In other words, the; ``definingAccess`` of a ``MemoryDef`` is always the nearest dominating; ``MemoryDef`` or ``MemoryPhi`` of said ``MemoryDef``. Use and Def optimization; ------------------------. ``MemoryUse``\ s keep a single operand, which is their defining or optimized; access.; Traditionally ``MemorySSA`` optimized ``MemoryUse``\ s at build-time, up to a; given threshold.; Specifically, the operand of every ``MemoryUse`` was optimized to point to the; actual clobber of said ``MemoryUse``. This can be seen in the above example; the; second ``MemoryUse`` in ``if.end`` has an operand of ``1``, which is a; ``MemoryDef`` from the entry block. This is done to make walking,; value numbering, etc, faster and easier.; As of `this revision <https://reviews.llvm.org/D121381>`_, the default was; changed to not optimize uses at build time, in order to provide the option to; reduce compile-time if the walking is not necessary in a pass. Most users call; the new API ``ensureOptimizedUses()`` to keep the previous behavior and do a; one-time optimization of ``MemoryUse``\ s, if this was not done before.; New pass users are recommended to call ``ensureOptimizedUses()``. Initially it was not possible to optimize ``MemoryDef``\ s in the same way, as we; restricted ``MemorySSA`` to one operand per access.; This was changed and ``MemoryDef``\ s now keep two operands.; The first one, the defining access, is; always the previous ``MemoryDef`` or ``MemoryPhi`` in the same basic block, or; the last one in a dominating predecessor if the current block doesn't have any; other accesses writing to memory. This is needed for walking Def chains.; The second operand is the optimized access, if there was a previous call on the; walker's ``getClobberingMemoryAccess(MA)``. This API will cache information; as part of ``MA``.; Optimizing all ``MemoryDef``
**Answer:**
to_eliminate: false
reasoning: The content contains meaningful human-written sentences in natural language discussing testing experiences
and performance improvements.

---

## Now analyze ONLY the following content:

**Content to evaluate:**  
# this is really just testing that we handle the case where pysbd crashes

",True,The content only consists of a programmatic test statement and no other text.
